,Flow Duration,Total Fwd Packets,Total Backward Packets,Total Length of Fwd Packets,Total Length of Bwd Packets,Fwd Packet Length Max,Fwd Packet Length Min,Fwd Packet Length Mean,Fwd Packet Length Std,Bwd Packet Length Max,Bwd Packet Length Min,Bwd Packet Length Mean,Bwd Packet Length Std,Flow Bytes/s,Flow Packets/s,Flow IAT Mean,Flow IAT Std,Flow IAT Max,Flow IAT Min,Fwd IAT Total,Fwd IAT Mean,Fwd IAT Std,Fwd IAT Max,Fwd IAT Min,Bwd IAT Total,Bwd IAT Mean,Bwd IAT Std,Bwd IAT Max,Bwd IAT Min,Fwd PSH Flags,Fwd Header Length,Bwd Header Length,Fwd Packets/s,Bwd Packets/s,Min Packet Length,Max Packet Length,Packet Length Mean,Packet Length Std,Packet Length Variance,FIN Flag Count,SYN Flag Count,PSH Flag Count,ACK Flag Count,URG Flag Count,Down/Up Ratio,Average Packet Size,Avg Fwd Segment Size,Avg Bwd Segment Size,Subflow Fwd Packets,Subflow Fwd Bytes,Subflow Bwd Packets,Subflow Bwd Bytes,Init_Win_bytes_forward,Init_Win_bytes_backward,act_data_pkt_fwd,min_seg_size_forward,Active Mean,Active Std,Active Max,Active Min,Idle Mean,Idle Std,Idle Max,Idle Min,proto_TCP,proto_UDP,proto_outro,porta_conhecida,porta_registada,porta_efemera
Flow Duration,1.0,0.12391025219378171,0.05060735548171031,0.0896370587814168,0.0331850732597854,0.23878634774608776,-0.038736966137546756,0.11796982718596728,0.19774862668540305,0.23703541225697702,-0.15436866225777188,0.16964365038584234,0.24299616480414368,-0.1764266685228274,-0.45623887898374593,0.49499685234837715,0.729168016973246,0.944731044884665,0.2375016363495301,0.8224986273804897,0.49443561723279256,0.5964967522233428,0.7564976291448045,0.25544561811161065,0.7649980288633801,0.4186742365983293,0.6223226406718774,0.7252759561240681,0.1470240540889835,0.05239506599436407,0.11882050019711071,0.054559551709578887,-0.4297428143425191,-0.35254262661088276,-0.019071810134334496,0.2543554560782874,0.1910271238657295,0.22663202162372956,0.20786917945894792,-0.05261329594046844,0.05239506599436407,0.2583305564669889,-0.08114402147813832,-0.13172802420131194,-0.09630550653031422,0.17459603981794206,0.11796982718596728,0.16964365038584228,0.12391025219378171,0.0896370587814168,0.05060735548171031,0.0331850732597854,0.25528883897310206,0.08014859158033559,0.17177362542824537,-0.1258443032497514,0.32591320329915086,0.2675149961146687,0.3647146060332198,0.2699389705392206,0.7337577723157239,0.396359938053894,0.7666969210545296,0.6857704885382768,0.18197574951036055,-0.2363102227342938,0.2730573645837505,0.10122776298029572,-0.054074492724699254,-0.09093561739698196
Total Fwd Packets,0.12391025219378171,1.0,0.9031197817862829,0.23915207817518092,0.8879985872994727,0.2157337627071485,-0.02692811472525486,0.0812442144825086,0.11665002161512797,0.27898579834374615,-0.054310375889691995,0.3726784267002547,0.17504482871127472,0.15707596643672894,-0.008454918115905864,-0.04428097260727959,0.009947378931802324,0.09268125327874473,-0.03898693280785199,0.08548196157162292,-0.03863660905435877,0.009613360304614143,0.0467875786251555,-0.03776193132801411,0.16537123765177192,-0.0016318723680773146,0.05078490261679086,0.1342360098829038,-0.01442470820468546,-0.017224310381287865,0.9824927441574968,0.8969760719821691,-0.02921083974582431,0.04218504752656495,-0.027537810618010708,0.27054461726034984,0.39909245042433644,0.2894941770149776,0.30504780523188124,-0.014436212535188411,-0.017224310381287865,0.1953980344068707,-0.12254460904234617,-0.09038326134407466,0.15819750189327808,0.3789431699316792,0.08124421448250863,0.37267842670025464,1.0,0.23915207817518092,0.9031197817862829,0.8879985872994727,0.18983840674222754,-0.011452529797579946,0.41212590389669734,-0.0030539142007631062,0.1568347102333648,0.10856184579088946,0.1678512153304513,0.13576322374809394,0.09651173122920101,0.06607101302559733,0.10365736412518263,0.08817088013478044,0.07023416990361955,-0.07081397155817777,-0.0008238765166732199,0.05837150563727994,-0.04180608677143365,-0.03823134400670763
Total Backward Packets,0.05060735548171031,0.9031197817862829,1.0,0.08130977245035809,0.9983579983339387,0.10098855074724879,-0.013787953749756507,0.011101120966421454,0.03659633616379402,0.15629615711863434,-0.024341380077800765,0.24808553406455056,0.07132229283975561,0.10813898910895232,0.02040693360171513,-0.030198637187377662,-0.009649775917255467,0.03380802597829036,-0.02267013739593202,0.02803599909940013,-0.02834241015057296,-0.010090613927557735,0.007099944446807665,-0.022048991523993,0.07995066711196011,-0.006335541856704161,0.012442183327610384,0.06178618274877208,-0.007207621169498655,-0.013181843669283613,0.8688721547802429,0.9731112141782238,0.0007580526648686588,0.05946744908627246,-0.0153441986422657,0.14705287683169443,0.27456826810676005,0.15730710172508466,0.16554990273316178,-0.009109107573199847,-0.013181843669283613,0.10567876549541799,-0.06862848060978814,-0.04509118187708141,0.20993286351920026,0.2610481010594021,0.011101120966421454,0.24808553406455058,0.9031197817862829,0.08130977245035809,1.0,0.9983579983339387,0.10241382587894557,-0.009392086047299894,0.21379995507382546,-0.009244719276408173,0.08329327901099401,0.04690441685079126,0.08566999919803404,0.07540435259113583,0.033755573759413064,0.02045396734449804,0.03562522260387331,0.03137645019969023,0.03482046278836749,-0.033774497812458025,-0.007353951044578579,0.03050076551601373,-0.02334383225785668,-0.017972846879012294
Total Length of Fwd Packets,0.0896370587814168,0.23915207817518092,0.08130977245035809,1.0,0.043780924365333235,0.29664951597432576,0.028361556007882333,0.40283016612213746,0.2592696953170808,0.16480933041461246,-0.03047610069425892,0.10219048163511289,0.12933626866769785,0.10773488475900406,-0.028946147900770186,-0.036448108810875464,0.006932085423513084,0.059124606078536715,-0.03166519424806518,0.08352552283368056,-0.030003189370008936,0.015191357864160255,0.049592010978611684,-0.03084416324789096,0.12939616573586654,0.010268301665884225,0.05430802371775019,0.09746204831026102,-0.0098544948321448,-0.005362774148892029,0.24817675181957558,0.08930902449463252,-0.03549320687435272,-0.00016295419905094574,0.020799397029382504,0.21067159482789494,0.24191662988236692,0.22387231079318412,0.22796808115506606,-0.014260342474914851,-0.005362774148892029,0.0996107963765423,-0.08138846455935335,-0.06870447207647534,-0.009399674641870543,0.23432901821166294,0.40283016612213746,0.10219048163511289,0.2391520781751809,1.0,0.08130977245035807,0.043780924365333235,0.09526102919274199,-0.011653139678259695,0.7496523793154741,0.01691966679238842,0.12077577343302583,0.08941727841400278,0.1305245619810901,0.10348789488588025,0.06832734851522428,0.07557873511372534,0.07855824453879086,0.057321129026016895,0.011326141125564411,-0.009412422635762389,-0.010588045437161318,0.03840365970212006,-0.027696252024199123,-0.02489734810125193
Total Length of Bwd Packets,0.0331850732597854,0.8879985872994727,0.9983579983339387,0.043780924365333235,1.0,0.07354934748660485,-0.012033270402786104,-0.009994682966344986,0.01443175210558437,0.13086251449466682,-0.018544947948190546,0.22916410978673943,0.04822978727460108,0.09573156519483293,0.026810241681703532,-0.024066561373703877,-0.014177335815371136,0.020265939343067724,-0.01648566677219066,0.016071133874629405,-0.022781890775315974,-0.012943495118087513,0.0001602766712367254,-0.01614179981055039,0.05522975239347931,-0.010611678978297349,-0.0008348681525430704,0.04130984162088342,-0.006582090947628931,-0.014626937836254338,0.8525762551140841,0.9689820568708464,0.008449046570437818,0.05930705835893281,-0.012223575868509222,0.1197244221567792,0.25125683159955714,0.13102849277324433,0.14104844703023656,-0.00707028260043452,-0.014626937836254338,0.08602528836224557,-0.055159847052543044,-0.03517842408682623,0.20389085344111718,0.2388112105004126,-0.009994682966344986,0.22916410978673954,0.8879985872994728,0.04378092436533323,0.9983579983339386,1.0,0.08361769952413943,-0.008977193715725931,0.170704408090819,-0.012105697330617185,0.06625324023869894,0.029959699002510717,0.06575747465911023,0.06215627472373425,0.018232645176294245,0.0081449402315091,0.01856413718220575,0.017487238224392392,0.029281553706225913,-0.028566383504957635,-0.0053277632978786914,0.026716087126655342,-0.02094090513894048,-0.015082636179596912
Fwd Packet Length Max,0.23878634774608776,0.2157337627071485,0.10098855074724879,0.29664951597432576,0.07354934748660485,1.0,0.098577387086486,0.7982601677212625,0.9401251782652874,0.6490279242791234,-0.09079347908872319,0.49481807485599305,0.619698943691067,0.4050706718507443,-0.13665163438489386,-0.13619108213280734,0.08651639262854223,0.21329688472928465,-0.13605739627276736,0.1491014148704158,-0.11754977562050094,0.07101309816189506,0.11433388272497816,-0.13196614545732813,0.36428587601476586,0.09759055604528365,0.2955087236045243,0.3464969509581549,-0.03655388131112909,0.011021471911037573,0.21640711366897322,0.10830995211204512,-0.16453519444354128,-0.00798475291147857,0.0417964914250654,0.8093719166508437,0.6981226710836453,0.7930824823641949,0.7307775839530786,-0.06238605829029004,0.011021471911037573,0.5042332870601137,-0.3698856191957787,-0.2942923757642832,0.10700099449809021,0.6985096939285703,0.7982601677212625,0.4948180748559931,0.21573376270714847,0.29664951597432576,0.10098855074724879,0.07354934748660485,0.4827966124271332,-0.050332472696563185,0.3987634549297941,-0.002974830168687503,0.1938389968438438,0.08076007357907802,0.19157998380524868,0.18194469380991654,0.2580817788308277,0.1444745562953546,0.2691494695581139,0.2410359539597315,0.11040194438266641,-0.10266042695473836,-0.04636629379013662,0.1603464845716832,-0.11366784224492196,-0.10659037082049817
Fwd Packet Length Min,-0.038736966137546756,-0.02692811472525486,-0.013787953749756507,0.028361556007882333,-0.012033270402786104,0.098577387086486,1.0,0.4310497421336052,-0.06871101735165494,-0.07902416540165123,0.09699425028108376,-0.06197644237240552,-0.09052290538235606,0.1708268722193131,0.06226710477716702,-0.015067260061245489,-0.04383273236775323,-0.056696037234650276,-0.00741478224628722,-0.011977514937332926,-0.014523399921087336,-0.03282583667952284,-0.0305744178164451,-0.005603391821666818,-0.059322709186451925,-0.032178677703002014,-0.05220052731347909,-0.059194512073614786,-0.00887419771332234,0.09606358200443603,-0.027670151334225193,-0.014786721319190097,0.049605641926919686,0.12147063617748095,0.6873937077039107,0.022029587165205637,0.1503249282826947,-0.005951496097185798,0.0051246011037478735,-0.020941833350645502,0.09606358200443603,-0.13593558472701966,-0.012767211713827756,-0.04777681133242604,0.13697090418764524,0.2007105740743534,0.4310497421336052,-0.06197644237240552,-0.026928114725254856,0.028361556007882337,-0.013787953749756507,-0.012033270402786104,-0.14357665868570535,-0.03442495919158816,0.00027009120532473256,-0.017503234240298305,0.05582113411273853,-0.01471182373733489,0.04561660503042439,0.06174236016926652,-0.03439419425063794,0.03646737095383734,-0.02240440074978177,-0.04276364681791485,-0.17440536168852394,0.1792194900040996,-0.015530521314833646,-0.05005064434537867,0.05160174120882709,0.01171693803999083
Fwd Packet Length Mean,0.11796982718596728,0.0812442144825086,0.011101120966421454,0.40283016612213746,-0.009994682966344986,0.7982601677212625,0.4310497421336052,1.0,0.7929419471127063,0.33913769828293977,0.004684461243084545,0.17008300363032422,0.32619844061179254,0.34917979648321507,-0.0643576885890399,-0.09864371519005757,0.03265082905812067,0.07988102641644985,-0.09758960816274904,0.10381754800905356,-0.07900558415190265,0.04475329173240097,0.0622705117611504,-0.09366277365801584,0.2038566464450891,0.07414101898623528,0.17541242106769625,0.1763411770041474,-0.017563508652939108,0.09662814904736937,0.08475120571017508,0.015480178323315101,-0.08415063857443571,0.031401895105800076,0.2807590451490148,0.5535955188346379,0.5151643947638306,0.541398906775965,0.49335310759482204,-0.05088338754404293,0.09662814904736937,0.22401830164523412,-0.21866403444691995,-0.22172040334656307,0.06229426915471444,0.5426409402542274,1.0,0.17008300363032425,0.0812442144825086,0.40283016612213746,0.011101120966421454,-0.009994682966344983,0.20721251280199615,-0.048939161963276,0.34651763630100696,-0.026466878588057983,0.14698662660928136,0.05708338672560125,0.14466073789385953,0.13929248111123435,0.13059279459509862,0.1283967165094411,0.14713351658597218,0.11198667082555429,-0.022045985324989036,0.02955483403650945,-0.03790544553142086,0.06571693967771736,-0.03484533994024669,-0.05938258208162044
Fwd Packet Length Std,0.19774862668540305,0.11665002161512797,0.03659633616379402,0.2592696953170808,0.01443175210558437,0.9401251782652874,-0.06871101735165494,0.7929419471127063,1.0,0.5510739208796263,-0.07693487005565115,0.36785137560716596,0.554236261140713,0.349336427910909,-0.14031071607451984,-0.12239394574764775,0.08815642983156538,0.17437542804665854,-0.12817871751150856,0.1287538611149262,-0.10321880791541496,0.07577587398371245,0.09858712041664368,-0.12410957898529867,0.31910215763431615,0.11551348041960446,0.28747973786635755,0.30011288765076133,-0.026630352440614243,0.032867118962274705,0.11909811343141201,0.0419887013769428,-0.16119436725253397,-0.0404594146478401,-0.07232609951503077,0.7326022378825499,0.5738374625113805,0.7222112234768681,0.6444665437255513,-0.0559566005675744,0.032867118962274705,0.4714568677188188,-0.32418622067434033,-0.2714673665320747,0.050982278632765526,0.5766257183613109,0.7929419471127063,0.367851375607166,0.11665002161512797,0.2592696953170808,0.036596336163794034,0.014431752105584368,0.45284999157744954,-0.0425019158405863,0.2950462538078232,-0.024325560925084932,0.14070861719656905,0.06687423306297884,0.14103049565794717,0.1304032217118793,0.21113331370120042,0.1266252227093283,0.22094722483337434,0.1959274153846459,0.12986314331183388,-0.12323303066598218,-0.04164233630177086,0.1475842724727565,-0.1040354880809657,-0.09888931573351598
Bwd Packet Length Max,0.23703541225697702,0.27898579834374615,0.15629615711863434,0.16480933041461246,0.13086251449466682,0.6490279242791234,-0.07902416540165123,0.33913769828293977,0.5510739208796263,1.0,-0.06362933634096256,0.8700454391292082,0.9629397837617268,0.45145811814644704,-0.1511054398169348,-0.16918767483094274,0.07348116780075016,0.2460227754723731,-0.15193191321003946,0.07216826162048275,-0.16065071197794004,0.021472469557277662,0.06132519939419036,-0.14939510068443557,0.3563322807591821,0.048912192700892934,0.2759092368808982,0.37179016012539357,-0.054227571019571444,-0.112828817576882,0.2775174822335816,0.16603130697681365,-0.18747497290795634,0.008782559088343753,-0.07277714315494156,0.9395665112575518,0.8169552822388746,0.9277675185734385,0.8872306961905678,-0.0642953327967303,-0.112828817576882,0.6641863197560196,-0.5077305357430885,-0.3261266909228136,0.17055401362635697,0.8000219047494944,0.33913769828293977,0.8700454391292083,0.27898579834374615,0.16480933041461246,0.15629615711863434,0.13086251449466682,0.6391161963930437,-0.062254528460274315,0.32459336382393744,0.06223769811645612,0.20307600836680445,0.0466565225811662,0.18965751989342117,0.20026945086366119,0.29050714343449496,0.07572277813124403,0.28742872692513055,0.286314382942488,0.12519130324604338,-0.11698747838598283,-0.049583784225088495,0.23649208849522124,-0.18130126216253586,-0.1389519734136624
Bwd Packet Length Min,-0.15436866225777188,-0.054310375889691995,-0.024341380077800765,-0.03047610069425892,-0.018544947948190546,-0.09079347908872319,0.09699425028108376,0.004684461243084545,-0.07693487005565115,-0.06362933634096256,1.0,0.06153922761265046,-0.1873775563792546,0.2834978040286487,0.05052509395324148,-0.11879930394861099,-0.11807617324421654,-0.1600661372474807,-0.07796569565385969,-0.11828639272000657,-0.11725742068896815,-0.08497190311507956,-0.12463602366360836,-0.08603706692778867,-0.09335248883474541,-0.028655185956613812,-0.08290127981789346,-0.09617544588064973,0.0066577617060326,0.03931533704399786,-0.051952209019167084,-0.025105278002364326,0.02481947211000041,0.1535133941385806,0.16674540153453868,-0.07723807677929899,0.02397251095339746,-0.050336239241555,-0.09412586692651212,-0.030501140234158737,0.03931533704399786,-0.2551511239835654,-0.24463634126959588,-0.19123908666589018,0.17887357075343183,0.07007715122605937,0.004684461243084545,0.06153922761265045,-0.054310375889691995,-0.03047610069425892,-0.024341380077800758,-0.018544947948190546,-0.27011005539571503,-0.07687735839181871,-0.06825058116272174,0.12246878020020711,-0.060961589223079024,-0.025202987923666324,-0.06037896144313626,-0.05676933619035206,-0.07974743255043555,-0.0405821551736643,-0.08279867799850449,-0.07509754924217338,-0.590750550569311,0.6025542075458638,-0.029150792101186433,0.13680343649205784,-0.1040209376738523,-0.08152432721384044
Bwd Packet Length Mean,0.16964365038584234,0.3726784267002547,0.24808553406455056,0.10219048163511289,0.22916410978673943,0.49481807485599305,-0.06197644237240552,0.17008300363032422,0.36785137560716596,0.8700454391292082,0.06153922761265046,1.0,0.7796764502215183,0.4611328899557419,-0.0893431224206847,-0.16424672935114132,0.016926859794089175,0.1760063705528053,-0.1359638989825327,0.028871993793513687,-0.1558466314246045,-0.015136506657752225,0.01701819402732142,-0.1348474085031444,0.2813725141706428,0.008944188580253584,0.17137326665291472,0.29400271620539775,-0.04456249189987273,-0.08891380981318946,0.36582169309737295,0.2591681352014145,-0.1342747805879757,0.06767678714532026,-0.048731840594020116,0.804820424490595,0.904899170625217,0.8648924803191133,0.8915250321208782,-0.05668492569560391,-0.08891380981318946,0.551917081623947,-0.4496852968023142,-0.29476891735980154,0.27734582013091097,0.8867653464461008,0.17008300363032422,1.0,0.3726784267002547,0.10219048163511289,0.24808553406455056,0.22916410978673946,0.5298482957417457,-0.06113810564753591,0.2763105322827979,0.07393731907112272,0.1683282266025686,0.03118602596440405,0.15467405657382205,0.16813041362162606,0.19856846126066824,0.053948505595356126,0.19665352216562648,0.19572071120360537,0.06981512381253276,-0.061949043285753985,-0.044793785003814125,0.21583933405380748,-0.16604073007421583,-0.1260520184748441
Bwd Packet Length Std,0.24299616480414368,0.17504482871127472,0.07132229283975561,0.12933626866769785,0.04822978727460108,0.619698943691067,-0.09052290538235606,0.32619844061179254,0.554236261140713,0.9629397837617268,-0.1873775563792546,0.7796764502215183,1.0,0.38516065085006645,-0.1692661716566392,-0.14609154581759606,0.09811291430340259,0.2576951189658589,-0.13866364410157903,0.07867829169433806,-0.13853998124355715,0.03858773116656232,0.07436831206994657,-0.13498567141374432,0.3446000477915966,0.06261889555611395,0.291485508865305,0.36510440740891564,-0.052362176999447244,-0.11455216521244045,0.1773153390798008,0.08028749669501956,-0.19665412222629408,-0.03096115346971843,-0.09340938163623938,0.910028429838974,0.7155266752004998,0.8895623081126549,0.8425503365383167,-0.05920819800231175,-0.11455216521244045,0.6867406302588183,-0.4638006264065933,-0.29427674573224144,0.10015747131955649,0.6996608452451218,0.3261984406117926,0.7796764502215182,0.17504482871127472,0.12933626866769785,0.07132229283975561,0.048229787274601074,0.6642262674256716,-0.04975300947395452,0.2570364743951068,0.042038082666322904,0.176605872274611,0.03704912654344029,0.16360466396342535,0.17514569480784276,0.289226272733556,0.07278987097982785,0.2857637536044452,0.28548349426982883,0.20483918081714275,-0.1983902003213039,-0.044802323529368165,0.21245082034155466,-0.16238225778575557,-0.12547929491281545
Flow Bytes/s,-0.1764266685228274,0.15707596643672894,0.10813898910895232,0.10773488475900406,0.09573156519483293,0.4050706718507443,0.1708268722193131,0.34917979648321507,0.349336427910909,0.45145811814644704,0.2834978040286487,0.4611328899557419,0.38516065085006645,1.0,0.4210930368998196,-0.3312939339583496,-0.20871579045584787,-0.19219958283441407,-0.2382578663231911,-0.2012954496632488,-0.3183676989816639,-0.18543357923077028,-0.23032803215761521,-0.23854594818543262,0.0045629468366821385,-0.09988099275874857,-0.02197138856089182,0.0005690859610838505,-0.09009981880949262,0.3439599669957818,0.158082091889305,0.11326910880264081,0.3691928824688678,0.5357269503058034,0.12024865840631871,0.4890084296462326,0.5000061641783143,0.5028502116350239,0.43753521106152815,-0.0957844604835164,0.3439599669957818,0.23032287948564684,-0.48266832463716536,-0.4813430290059414,0.3285642206449838,0.5280426543315222,0.3491797964832151,0.4611328899557419,0.15707596643672894,0.10773488475900406,0.10813898910895232,0.09573156519483296,0.18923771200720288,-0.14638793028704328,0.1822694023739015,0.18394727998701527,0.017166828281893715,-0.0049974685485143526,0.012857915577567689,0.019367521460202493,-0.04061227167845505,-0.019399514560872886,-0.04204423757034757,-0.03812877097801822,-0.3435243289097987,0.36276055750631386,-0.08139629593947154,0.16664004515227834,-0.12235274773713706,-0.10512725386586204
Flow Packets/s,-0.45623887898374593,-0.008454918115905864,0.02040693360171513,-0.028946147900770186,0.026810241681703532,-0.13665163438489386,0.06226710477716702,-0.0643576885890399,-0.14031071607451984,-0.1511054398169348,0.05052509395324148,-0.0893431224206847,-0.1692661716566392,0.4210930368998196,1.0,-0.37096217034063017,-0.3727524667755924,-0.4719004869375615,-0.2401941501274407,-0.3769760135619925,-0.356374312944233,-0.30285317009660645,-0.39762401193185304,-0.23892292075069457,-0.2798589757953093,-0.20568013190110154,-0.25445873665148677,-0.28395680957046054,-0.09726594064665202,0.34700483986260827,-0.007729281354516214,0.019294131272666812,0.9937891523907629,0.6448741580078584,-0.014284257663372294,-0.16090536997462634,-0.08040926283510888,-0.13626625641773338,-0.11952347093930564,0.17468611642713747,0.34700483986260827,-0.2795064058939898,0.18962620448461348,-0.038390600759976155,0.13864718712803326,-0.0724114756069396,-0.06435768858903991,-0.08934312242068469,-0.008454918115905865,-0.028946147900770186,0.020406933601715135,0.02681024168170353,-0.28315093071383374,-0.09646143249378245,-0.04805183923882305,0.13648728231917076,-0.14087511618701853,-0.06803212054945476,-0.14350017461831766,-0.12917868488005832,-0.26584122176415753,-0.11238642735959387,-0.2716986712382458,-0.2540436071849937,-0.04371661673996549,0.058679396756954674,-0.07554538098235951,-0.30094373728462015,0.19546786764198407,0.22394161998019513
Flow IAT Mean,0.49499685234837715,-0.04428097260727959,-0.030198637187377662,-0.036448108810875464,-0.024066561373703877,-0.13619108213280734,-0.015067260061245489,-0.09864371519005757,-0.12239394574764775,-0.16918767483094274,-0.11879930394861099,-0.16424672935114132,-0.14609154581759606,-0.3312939339583496,-0.37096217034063017,1.0,0.381633221137766,0.5481895816226743,0.8713966814559686,0.5372179382367119,0.9470726306524535,0.322097803888867,0.6250963895774372,0.8589955898351028,0.0407950832785153,0.16454430162154604,0.06805714498962072,0.0518858758689502,0.13225403846089742,-0.04189329685432932,-0.047747990225276864,-0.03217527957633793,-0.33653925204497925,-0.2946799669212558,0.005715216100666,-0.17300175862841,-0.15574521348865158,-0.17726316362388364,-0.14977123774579207,-0.0389353720632196,-0.04189329685432932,-0.09333175467982201,0.2149718878717373,0.07012033314753842,-0.24647006147532655,-0.16207922084131485,-0.09864371519005762,-0.16424672935114132,-0.04428097260727959,-0.036448108810875464,-0.030198637187377662,-0.024066561373703877,-0.07198029617388423,0.0448617440691828,-0.064683929430956,-0.17471410275963842,-0.009017554727273934,-0.007849621449130467,-0.009993363908897917,-0.007118786539126835,0.15707022012642954,0.030299247370725597,0.15397476028384924,0.15561487519375516,0.14357676649952622,-0.17728749510921704,0.1677341607238637,0.10530248386277873,-0.07742787407562518,-0.0662828561620396
Flow IAT Std,0.729168016973246,0.009947378931802324,-0.009649775917255467,0.006932085423513084,-0.014177335815371136,0.08651639262854223,-0.04383273236775323,0.03265082905812067,0.08815642983156538,0.07348116780075016,-0.11807617324421654,0.016926859794089175,0.09811291430340259,-0.20871579045584787,-0.3727524667755924,0.381633221137766,1.0,0.7787840618034154,-0.09167978818701891,0.5798428860548217,0.38855624024151103,0.812695180717885,0.6322787252985216,-0.03070952105646334,0.4571407902745658,0.5183002488873619,0.49212578066301427,0.49422269985560985,0.29580312922021434,-0.00203148974872355,0.007904394169947898,-0.009173329251636976,-0.34570750417708507,-0.2915921163049906,-0.03738175474451521,0.0905711269829294,0.025377809344670016,0.07052017171842405,0.054438638025973776,-0.04149926612904764,-0.00203148974872355,0.23450377277729068,-0.07917118417638642,-0.08699371175706846,-0.08244015983285383,0.015923289074630285,0.032650829058120674,0.016926859794089175,0.009947378931802326,0.006932085423513082,-0.009649775917255467,-0.014177335815371126,0.22504143500952775,0.19111221412585114,0.02177105466336386,-0.08151117462731824,0.11377725747029784,0.053543557630126574,0.11474310260632133,0.1051345579463016,0.5564480724318223,0.1670374930476244,0.5552065728086214,0.5430351263059193,0.1600785487513057,-0.19161127987851465,0.15548627620173502,0.06756691936180023,-0.04068094479559828,-0.05456355272339507
Flow IAT Max,0.944731044884665,0.09268125327874473,0.03380802597829036,0.059124606078536715,0.020265939343067724,0.21329688472928465,-0.056696037234650276,0.07988102641644985,0.17437542804665854,0.2460227754723731,-0.1600661372474807,0.1760063705528053,0.2576951189658589,-0.19219958283441407,-0.4719004869375615,0.5481895816226743,0.7787840618034154,1.0,0.2805479492525003,0.7081530206161768,0.5359317824262635,0.6065597202834366,0.757798357854297,0.29904550499500687,0.7083636756609678,0.43944139712094044,0.6485198116430132,0.7473396715141853,0.16421763818698465,0.0030126407335043857,0.08912470872552802,0.0363046667815486,-0.4436034846821655,-0.36587322389199844,-0.04412383154640244,0.25366140368663925,0.17883261990923827,0.2280977010518242,0.21043627966032027,-0.05422428749070176,0.0030126407335043857,0.28942265758359387,-0.08044841717516824,-0.11494940158098077,-0.09310456307597655,0.16242110391983652,0.07988102641644985,0.1760063705528052,0.09268125327874473,0.059124606078536715,0.03380802597829036,0.020265939343067724,0.2876130381441956,0.098898366140925,0.11705853188642373,-0.09948718830520292,0.2668798564345141,0.13557143320898987,0.27111935346750543,0.24319607591632308,0.7448562564971414,0.28679423434828627,0.7545981232253985,0.7175646433206592,0.2176217940037994,-0.24548601212948207,0.13322839165248307,0.12326230890604341,-0.07922463205324812,-0.09284138934453078
Flow IAT Min,0.2375016363495301,-0.03898693280785199,-0.02267013739593202,-0.03166519424806518,-0.01648566677219066,-0.13605739627276736,-0.00741478224628722,-0.09758960816274904,-0.12817871751150856,-0.15193191321003946,-0.07796569565385969,-0.1359638989825327,-0.13866364410157903,-0.2382578663231911,-0.2401941501274407,0.8713966814559686,-0.09167978818701891,0.2805479492525003,1.0,0.31318186977138057,0.8113271735802242,-0.07358527450156817,0.3873543566348888,0.9499710865336621,-0.08050690996193607,-0.052549599203048324,-0.06912177112338154,-0.08055352704666796,-0.023372205869218142,-0.03728256417136037,-0.041182836109638826,-0.024420652863450885,-0.21633679915889628,-0.1920133167315219,0.008837591795028386,-0.16355087950728883,-0.13489075888572435,-0.1630734935259806,-0.13423526533869132,-0.024663844120702442,-0.03728256417136037,-0.16583241305659308,0.2402156321329022,0.0977495133185213,-0.21365768258921874,-0.1383773913443031,-0.09758960816274902,-0.1359638989825327,-0.03898693280785199,-0.03166519424806518,-0.022670137395932016,-0.01648566677219066,-0.13897383624685386,-0.052430541607813345,-0.057937098867234346,-0.13698842210894388,-0.04020391715468004,-0.020114212649358445,-0.0410669938719329,-0.036690381736511186,-0.027242966547452112,-0.022417028274907644,-0.029733487412485726,-0.024318746437884165,0.09536313239696233,-0.11003423789056278,0.071199475725726,0.0894433909926054,-0.06842377242523803,-0.05274801078369766
Fwd IAT Total,0.8224986273804897,0.08548196157162292,0.02803599909940013,0.08352552283368056,0.016071133874629405,0.1491014148704158,-0.011977514937332926,0.10381754800905356,0.1287538611149262,0.07216826162048275,-0.11828639272000657,0.028871993793513687,0.07867829169433806,-0.2012954496632488,-0.3769760135619925,0.5372179382367119,0.5798428860548217,0.7081530206161768,0.31318186977138057,1.0,0.6298040971263816,0.7318345075809322,0.9303213631840744,0.3374454094300628,0.43764518554783677,0.17440672584929454,0.27010693196943114,0.32410480530895963,0.04890116010030635,0.10459490603450532,0.08596102632171247,0.03384886577892353,-0.3500463964315144,-0.2945792977345609,0.011786508482380838,0.09446313415391631,0.06830425737119593,0.0733153917760709,0.06699487549577234,-0.042599883589999867,0.10459490603450532,0.07513195010013952,0.04019739730821563,-0.08182306543749308,-0.2248167058223783,0.05687400272301391,0.1038175480090536,0.02887199379351368,0.08548196157162295,0.08352552283368056,0.02803599909940013,0.01607113387462941,0.07870614939832513,0.09483008091675711,0.14934587090004842,-0.09830913805462704,0.23229116565542032,0.30025011312739874,0.2924979150753256,0.16379642774662556,0.5452643881216692,0.40472974547758817,0.5920152635061707,0.49009802693502547,0.1230467193446326,-0.18769617970517072,0.33001119457472494,0.07471476009805837,-0.027704948615073655,-0.08343852995128992
Fwd IAT Mean,0.49443561723279256,-0.03863660905435877,-0.02834241015057296,-0.030003189370008936,-0.022781890775315974,-0.11754977562050094,-0.014523399921087336,-0.07900558415190265,-0.10321880791541496,-0.16065071197794004,-0.11725742068896815,-0.1558466314246045,-0.13853998124355715,-0.3183676989816639,-0.356374312944233,0.9470726306524535,0.38855624024151103,0.5359317824262635,0.8113271735802242,0.6298040971263816,1.0,0.4359237698578692,0.7255670050844323,0.8578149087426261,0.014743926412263526,0.0867402990082805,0.00857729409980312,0.007345035982439927,0.08723866843390445,-0.008982089766136266,-0.04107136409586789,-0.02982945920213809,-0.3225502422444768,-0.28385352582388423,0.0019537364703262217,-0.16092481105632825,-0.14207622006797302,-0.1639499512674551,-0.13780873989037057,-0.038025531332030925,-0.008982089766136266,-0.0866951433869362,0.2106351459813004,0.05533602943986335,-0.2918627263896576,-0.14857860053712243,-0.07900558415190266,-0.15584663142460453,-0.03863660905435877,-0.030003189370008936,-0.02834241015057296,-0.022781890775315974,-0.06674692125873048,0.08960711137363651,-0.054120533746060996,-0.15291734197229156,-0.004842755648475272,0.005513386181895234,-0.0026570349542583242,-0.0061025730076411395,0.1890191836464637,0.05147608811173541,0.18804123009646895,0.18480917192388102,0.14607598863938842,-0.17797523706591983,0.15816175397141766,0.10551996963010016,-0.07201636775066052,-0.0738687215318211
Fwd IAT Std,0.5964967522233428,0.009613360304614143,-0.010090613927557735,0.015191357864160255,-0.012943495118087513,0.07101309816189506,-0.03282583667952284,0.04475329173240097,0.07577587398371245,0.021472469557277662,-0.08497190311507956,-0.015136506657752225,0.03858773116656232,-0.18543357923077028,-0.30285317009660645,0.322097803888867,0.812695180717885,0.6065597202834366,-0.07358527450156817,0.7318345075809322,0.4359237698578692,1.0,0.7979130162569582,-0.06974428208249557,0.2195719023872798,0.1369185571159272,0.20335415540045454,0.19502917721521806,0.03174173048071211,0.03925171315390793,0.010669708403851485,-0.008522268054504133,-0.2790861148690661,-0.23842345573410106,-0.022458790525586265,0.04009076154164598,0.0035301885860528604,0.02715444712121916,0.018790896273865768,-0.0336243433679952,0.03925171315390793,0.14575591609778613,-0.030739770645895382,-0.08013825539315243,-0.1987203953249105,-0.0038009301710095894,0.044753291732400974,-0.015136506657752227,0.009613360304614139,0.015191357864160253,-0.010090613927557734,-0.012943495118087513,0.13993112352216447,0.23500420284774373,0.027557802996086678,-0.038456680847968036,0.08387960106983344,0.07852554151676155,0.09502162612886264,0.06766765370592899,0.4599575606209414,0.19383658587992744,0.4692633855183294,0.4394906899885175,0.1198186590624505,-0.151949114635571,0.160803137479215,0.07456707924696737,-0.03865305668138555,-0.06856281253640505
Fwd IAT Max,0.7564976291448045,0.0467875786251555,0.007099944446807665,0.049592010978611684,0.0001602766712367254,0.11433388272497816,-0.0305744178164451,0.0622705117611504,0.09858712041664368,0.06132519939419036,-0.12463602366360836,0.01701819402732142,0.07436831206994657,-0.23032803215761521,-0.39762401193185304,0.6250963895774372,0.6322787252985216,0.757798357854297,0.3873543566348888,0.9303213631840744,0.7255670050844323,0.7979130162569582,1.0,0.4146100562227312,0.33441896472557703,0.16512578314136464,0.25080224148664504,0.2943440452892664,0.054861155101400744,0.0569147821156865,0.0498128820111678,0.011329257210965627,-0.3676970579317046,-0.3123342324342733,-0.014035335578527347,0.07394686872723308,0.03919240223923929,0.0556282038315822,0.05193564822835625,-0.044693937322374803,0.0569147821156865,0.09074123658825377,0.05913625704935314,-0.058636211033878026,-0.24776248478430218,0.02801161866704452,0.06227051176115037,0.017018194027321416,0.04678757862515551,0.04959201097861169,0.007099944446807667,0.0001602766712367248,0.09685953268707924,0.12241079385531915,0.08583368469356402,-0.06335537853729419,0.16028076869755836,0.16230028747082625,0.18459753637115509,0.12536386455252985,0.5460468316906377,0.30027739508480755,0.5704634760276542,0.5108863452417128,0.16299988041809818,-0.19910117688633336,0.17912309694282902,0.10152034375517012,-0.05638364570331258,-0.08832008481204884
Fwd IAT Min,0.25544561811161065,-0.03776193132801411,-0.022048991523993,-0.03084416324789096,-0.01614179981055039,-0.13196614545732813,-0.005603391821666818,-0.09366277365801584,-0.12410957898529867,-0.14939510068443557,-0.08603706692778867,-0.1348474085031444,-0.13498567141374432,-0.23854594818543262,-0.23892292075069457,0.8589955898351028,-0.03070952105646334,0.29904550499500687,0.9499710865336621,0.3374454094300628,0.8578149087426261,-0.06974428208249557,0.4146100562227312,1.0,-0.05396809326245493,0.0345400686160941,-0.061210624955040614,-0.04981691863672454,0.07656405205028778,-0.021763636437133894,-0.039783629347916974,-0.023720308775399976,-0.21466654218047512,-0.191381497536113,0.004628667487149891,-0.15989559782015023,-0.1322130647904633,-0.15927867996923267,-0.13105900724806088,-0.025162894237277886,-0.021763636437133894,-0.15954972988063787,0.24191499821450013,0.09565045472656944,-0.21018162374651492,-0.13619432965405298,-0.09366277365801583,-0.13484740850314436,-0.0377619313280141,-0.03084416324789096,-0.022048991523992995,-0.016141799810550386,-0.13434354649257926,-0.04930378157310967,-0.05525789342215741,-0.13063914536791904,-0.03679285993264569,-0.019614304582648966,-0.03790842902595487,-0.03327083554349916,0.012394658648879078,-0.021788004937377762,0.007951622054370234,0.016217432039061595,0.10437669335207997,-0.11857805731426782,0.06825937422004082,0.07774144449571944,-0.058720889599508726,-0.04685096438744078
Bwd IAT Total,0.7649980288633801,0.16537123765177192,0.07995066711196011,0.12939616573586654,0.05522975239347931,0.36428587601476586,-0.059322709186451925,0.2038566464450891,0.31910215763431615,0.3563322807591821,-0.09335248883474541,0.2813725141706428,0.3446000477915966,0.0045629468366821385,-0.2798589757953093,0.0407950832785153,0.4571407902745658,0.7083636756609678,-0.08050690996193607,0.43764518554783677,0.014743926412263526,0.2195719023872798,0.33441896472557703,-0.05396809326245493,1.0,0.5523983459326047,0.8175706885038938,0.952388107732119,0.19594914935470295,0.11519401813207356,0.16447455468019426,0.08527879983889694,-0.27214024395523523,-0.21042407162984147,-0.06297543998872968,0.3804431488144511,0.30839098858656805,0.35904350100378857,0.323169462094249,-0.034449754614592674,0.11519401813207356,0.2920768205166153,-0.13721331856623661,-0.14878057956796933,0.11602371506640584,0.2934033757870161,0.2038566464450891,0.2813725141706429,0.16537123765177192,0.12939616573586654,0.07995066711196011,0.055229752393479305,0.2829211152072475,-0.013218121435921302,0.23613924092732597,0.011079730188560078,0.3403231537145983,0.3148878263835284,0.39006964612307393,0.2719755959933402,0.6759443937782701,0.4180962695442985,0.714831183913152,0.6244118027290009,0.1571369063078044,-0.15378331746945179,-0.02606830887150309,0.026273145574871565,0.0047855074829081315,-0.04876449103797936
Bwd IAT Mean,0.4186742365983293,-0.0016318723680773146,-0.006335541856704161,0.010268301665884225,-0.010611678978297349,0.09759055604528365,-0.032178677703002014,0.07414101898623528,0.11551348041960446,0.048912192700892934,-0.028655185956613812,0.008944188580253584,0.06261889555611395,-0.09988099275874857,-0.20568013190110154,0.16454430162154604,0.5183002488873619,0.43944139712094044,-0.052549599203048324,0.17440672584929454,0.0867402990082805,0.1369185571159272,0.16512578314136464,0.0345400686160941,0.5523983459326047,1.0,0.5326975307925418,0.5951805684859359,0.8122934975610476,0.07660227201485507,-0.0004608158485202474,-0.006066150954687046,-0.19211922973936396,-0.15892171379920877,-0.040912718849256104,0.07566975029943514,0.03077282772361359,0.06445362154610552,0.039910947403889965,-0.02256227399951092,0.07660227201485507,0.16928972144491342,-0.06945477641228626,-0.06012003443006995,0.10712346798236862,0.027811417232975633,0.07414101898623529,0.00894418858025358,-0.001631872368077315,0.010268301665884225,-0.0063355418567041626,-0.01061167897829735,0.16272004257633788,0.02065636832677297,0.014508875943063318,-0.017365925219206844,0.052360002806895935,0.04671634140036735,0.05902951643644168,0.04313869868281795,0.32983186573326423,0.1162398933970645,0.3312879762391146,0.31924724026828366,0.10257292275353087,-0.10035454237369784,-0.017168936729590186,-0.02719772769017368,0.034204599991870595,-0.0018742107591541257
Bwd IAT Std,0.6223226406718774,0.05078490261679086,0.012442183327610384,0.05430802371775019,-0.0008348681525430704,0.2955087236045243,-0.05220052731347909,0.17541242106769625,0.28747973786635755,0.2759092368808982,-0.08290127981789346,0.17137326665291472,0.291485508865305,-0.02197138856089182,-0.25445873665148677,0.06805714498962072,0.49212578066301427,0.6485198116430132,-0.06912177112338154,0.27010693196943114,0.00857729409980312,0.20335415540045454,0.25080224148664504,-0.061210624955040614,0.8175706885038938,0.5326975307925418,1.0,0.8670488974691232,-0.02081779921030266,0.07210525425505337,0.05063002889663842,0.014561249948462716,-0.24249915664765437,-0.1952291289264464,-0.05433766233937652,0.30987786990126415,0.19265755829328218,0.2790374460745009,0.22572000917292281,-0.02993417051524869,0.07210525425505337,0.25739129027436963,-0.12333245395627508,-0.10539382654623035,0.11785149280483902,0.18544659665593632,0.17541242106769622,0.17137326665291472,0.05078490261679086,0.05430802371775019,0.01244218332761038,-0.0008348681525430708,0.24843548289177314,-0.019690748296024577,0.10051997563901645,0.002354369903467044,0.17904065476820313,0.10752812324607226,0.1863719551890339,0.15907327974593857,0.5984365276714492,0.25453577593188204,0.6087458064331458,0.5727700257520312,0.13566972651778914,-0.13280537287473906,-0.022345077653954316,-0.0014149855300386192,0.021058022823675606,-0.025872784139880402
Bwd IAT Max,0.7252759561240681,0.1342360098829038,0.06178618274877208,0.09746204831026102,0.04130984162088342,0.3464969509581549,-0.059194512073614786,0.1763411770041474,0.30011288765076133,0.37179016012539357,-0.09617544588064973,0.29400271620539775,0.36510440740891564,0.0005690859610838505,-0.28395680957046054,0.0518858758689502,0.49422269985560985,0.7473396715141853,-0.08055352704666796,0.32410480530895963,0.007345035982439927,0.19502917721521806,0.2943440452892664,-0.04981691863672454,0.952388107732119,0.5951805684859359,0.8670488974691232,1.0,0.22747624432520672,0.0626447854029586,0.1320655885004174,0.06538211164010489,-0.2755501211036034,-0.2143042374490102,-0.06325909217605519,0.38773045917443993,0.3079572584847782,0.367069308663243,0.3319978940729012,-0.03491839033595979,0.0626447854029586,0.32402942362366827,-0.16676874642204723,-0.14468814124580795,0.13525367390780973,0.2937352193726952,0.1763411770041474,0.29400271620539775,0.13423600988290374,0.09746204831026102,0.06178618274877208,0.04130984162088342,0.3139018111568684,-0.011142190173013485,0.1794275348178233,-0.00260777260793344,0.30742264373374706,0.1755493346880761,0.31717064608276707,0.2749261523591873,0.7090130642448508,0.32814381050050584,0.7270693867738792,0.6749450057248315,0.15762070063864353,-0.15426810057441487,-0.02608963679964669,0.04145761599899826,-0.01430264217152376,-0.04772915374616435
Bwd IAT Min,0.1470240540889835,-0.01442470820468546,-0.007207621169498655,-0.0098544948321448,-0.006582090947628931,-0.03655388131112909,-0.00887419771332234,-0.017563508652939108,-0.026630352440614243,-0.054227571019571444,0.0066577617060326,-0.04456249189987273,-0.052362176999447244,-0.09009981880949262,-0.09726594064665202,0.13225403846089742,0.29580312922021434,0.16421763818698465,-0.023372205869218142,0.04890116010030635,0.08723866843390445,0.03174173048071211,0.054861155101400744,0.07656405205028778,0.19594914935470295,0.8122934975610476,-0.02081779921030266,0.22747624432520672,1.0,0.030941387188710645,-0.013423364980314462,-0.007528705391395528,-0.08950726819643878,-0.0754541955989948,-0.01789787859416071,-0.05258126957345591,-0.03902457744671135,-0.048765258590464454,-0.042327767341401,-0.010033465829863867,0.030941387188710645,0.07776927073393265,-0.03405960995461831,-0.026613068472179396,0.04603824185798389,-0.04024182809511191,-0.017563508652939104,-0.04456249189987271,-0.014424708204685457,-0.0098544948321448,-0.007207621169498655,-0.006582090947628932,0.07481410989183762,0.03692189001264158,-0.020319728809339778,-0.024837376063402545,-0.007673612976295523,-0.002371588886688969,-0.007575649126757623,-0.007199342134066024,0.0772367097079156,-0.0033266960809366685,0.07241825678274794,0.07980142120711706,0.04461169033737021,-0.043588366225303925,-0.00777189708514844,-0.0026056581784501126,0.0031531640071350334,-1.4060810348813192e-05
Fwd PSH Flags,0.05239506599436407,-0.017224310381287865,-0.013181843669283613,-0.005362774148892029,-0.014626937836254338,0.011021471911037573,0.09606358200443603,0.09662814904736937,0.032867118962274705,-0.112828817576882,0.03931533704399786,-0.08891380981318946,-0.11455216521244045,0.3439599669957818,0.34700483986260827,-0.04189329685432932,-0.00203148974872355,0.0030126407335043857,-0.03728256417136037,0.10459490603450532,-0.008982089766136266,0.03925171315390793,0.0569147821156865,-0.021763636437133894,0.11519401813207356,0.07660227201485507,0.07210525425505337,0.0626447854029586,0.030941387188710645,1.0,-0.014251354434295479,-0.012961088844136572,0.35834941592141667,0.25781610298505525,0.023151862644674594,-0.06193902720949397,-0.004306533570490659,-0.05411906945745859,-0.06788518750166722,-0.03165603871181541,1.0,-0.20548258886317666,0.3302216697118885,-0.0979295445178426,0.007806036001883051,0.014052469270415147,0.09662814904736942,-0.08891380981318946,-0.017224310381287865,-0.0053627741488920305,-0.013181843669283608,-0.014626937836254345,-0.2085857020372766,-0.03805200036381461,0.00741127658293243,0.10097376624452342,0.02314621361827994,0.10470024146427531,0.052497818406076154,-0.005825509607845931,0.04826786730962038,0.12435743672251208,0.07078392281146428,0.028728715478997066,0.15709530476026826,-0.1542389188243397,-0.02347620553201921,-0.1376157964425795,0.11818149106486647,0.06390167951988003
Fwd Header Length,0.11882050019711071,0.9824927441574968,0.8688721547802429,0.24817675181957558,0.8525762551140841,0.21640711366897322,-0.027670151334225193,0.08475120571017508,0.11909811343141201,0.2775174822335816,-0.051952209019167084,0.36582169309737295,0.1773153390798008,0.158082091889305,-0.007729281354516214,-0.047747990225276864,0.007904394169947898,0.08912470872552802,-0.041182836109638826,0.08596102632171247,-0.04107136409586789,0.010669708403851485,0.0498128820111678,-0.039783629347916974,0.16447455468019426,-0.0004608158485202474,0.05063002889663842,0.1320655885004174,-0.013423364980314462,-0.014251354434295479,1.0,0.8916107840000993,-0.0280168156963416,0.043170087439230405,-0.028319888393354323,0.26942363239836764,0.39029801756868643,0.2881956241220356,0.3030904318567995,-0.017155542369481386,-0.014251354434295479,0.19559416447500427,-0.12145380932562183,-0.0902496638560092,0.1475174022152539,0.37066323402038986,0.08475120571017508,0.36582169309737295,0.9824927441574968,0.24817675181957558,0.8688721547802428,0.8525762551140843,0.1895370693298512,-0.012359922685244587,0.41336067828207756,0.03379637620394956,0.15443872013803178,0.10766057161426673,0.16539309110499464,0.1332544234588424,0.09370773283620541,0.06768662086697702,0.10131555411745923,0.08510477204793565,0.07108044401565433,-0.06844627727969121,-0.017611086069374417,0.056486798032011794,-0.03965758737012034,-0.03806472802588523
Bwd Header Length,0.054559551709578887,0.8969760719821691,0.9731112141782238,0.08930902449463252,0.9689820568708464,0.10830995211204512,-0.014786721319190097,0.015480178323315101,0.0419887013769428,0.16603130697681365,-0.025105278002364326,0.2591681352014145,0.08028749669501956,0.11326910880264081,0.019294131272666812,-0.03217527957633793,-0.009173329251636976,0.0363046667815486,-0.024420652863450885,0.03384886577892353,-0.02982945920213809,-0.008522268054504133,0.011329257210965627,-0.023720308775399976,0.08527879983889694,-0.006066150954687046,0.014561249948462716,0.06538211164010489,-0.007528705391395528,-0.012961088844136572,0.8916107840000993,1.0,-0.0007337189282845903,0.060258948161076666,-0.01626442665960393,0.15649422306160113,0.284866561025332,0.1681813211982999,0.17737485520962595,-0.0099104064776521,-0.012961088844136569,0.111427850775029,-0.07254878869420114,-0.04830051276870214,0.2071033808681792,0.27086940622089656,0.015480178323315108,0.25916813520141446,0.8969760719821691,0.08930902449463252,0.9731112141782238,0.9689820568708464,0.10795193726318952,-0.010344346457625709,0.22113587863216871,0.006815800391093255,0.09200947528049316,0.0478760210008169,0.09361222296293453,0.08403117158440489,0.038525495600792714,0.024463191606517956,0.04086285418608169,0.03561854743881825,0.03641255422511767,-0.03527466737799575,-0.007919888713455083,0.03215450348848555,-0.02446458203873547,-0.019141114140808192
Fwd Packets/s,-0.4297428143425191,-0.02921083974582431,0.0007580526648686588,-0.03549320687435272,0.008449046570437818,-0.16453519444354128,0.049605641926919686,-0.08415063857443571,-0.16119436725253397,-0.18747497290795634,0.02481947211000041,-0.1342747805879757,-0.19665412222629408,0.3691928824688678,0.9937891523907629,-0.33653925204497925,-0.34570750417708507,-0.4436034846821655,-0.21633679915889628,-0.3500463964315144,-0.3225502422444768,-0.2790861148690661,-0.3676970579317046,-0.21466654218047512,-0.27214024395523523,-0.19211922973936396,-0.24249915664765437,-0.2755501211036034,-0.08950726819643878,0.35834941592141667,-0.0280168156963416,-0.0007337189282845903,1.0,0.5791303800431744,-0.01950599161827903,-0.1973538676462579,-0.12508166342503488,-0.17587798985964914,-0.15723017171672365,0.19034798329001287,0.35834941592141667,-0.29667987500245313,0.23156114293576532,-0.03550277559718752,0.0538117048117415,-0.11788458731814365,-0.08415063857443571,-0.1342747805879757,-0.029210839745824314,-0.03549320687435272,0.0007580526648686575,0.00844904657043782,-0.29606351836841366,-0.09298884311258923,-0.06323923323017147,0.12031726140886671,-0.13993554374243744,-0.06643997704510957,-0.1421381426945521,-0.1286079193149241,-0.2527112375859311,-0.10670696308118559,-0.25825052143310484,-0.2415512293125991,-0.008686356451695017,0.021703879122915024,-0.06733015960148628,-0.3014133869855154,0.19796691117245763,0.22135773377475265
Bwd Packets/s,-0.35254262661088276,0.04218504752656495,0.05946744908627246,-0.00016295419905094574,0.05930705835893281,-0.00798475291147857,0.12147063617748095,0.031401895105800076,-0.0404594146478401,0.008782559088343753,0.1535133941385806,0.06767678714532026,-0.03096115346971843,0.5357269503058034,0.6448741580078584,-0.2946799669212558,-0.2915921163049906,-0.36587322389199844,-0.1920133167315219,-0.2945792977345609,-0.28385352582388423,-0.23842345573410106,-0.3123342324342733,-0.191381497536113,-0.21042407162984147,-0.15892171379920877,-0.1952291289264464,-0.2143042374490102,-0.0754541955989948,0.25781610298505525,0.043170087439230405,0.060258948161076666,0.5791303800431744,1.0,0.019716370853433734,0.003624844107802066,0.0693722239519196,0.02585839531363907,0.023092873667808784,-0.047874250596897684,0.25781610298505525,-0.12433489789653106,-0.01867156103763103,0.030190716556919295,0.45594232506094245,0.08078658786404727,0.03140189510580009,0.06767678714532026,0.04218504752656496,-0.00016295419905094712,0.05946744908627246,0.05930705835893281,-0.14973721516193575,-0.041191495498682895,0.010192893414971937,0.1869779402135749,-0.10528932790782478,-0.05224428996280526,-0.107722964490324,-0.09616169611911211,-0.2046362789535022,-0.0870523580677366,-0.20926854017863478,-0.19544915776017735,-0.17553174519206854,0.18954050959261662,-0.0633618202565118,-0.15255609889420982,0.08811379667874253,0.12819378327637385
Min Packet Length,-0.019071810134334496,-0.027537810618010708,-0.0153441986422657,0.020799397029382504,-0.012223575868509222,0.0417964914250654,0.6873937077039107,0.2807590451490148,-0.07232609951503077,-0.07277714315494156,0.16674540153453868,-0.048731840594020116,-0.09340938163623938,0.12024865840631871,-0.014284257663372294,0.005715216100666,-0.03738175474451521,-0.04412383154640244,0.008837591795028386,0.011786508482380838,0.0019537364703262217,-0.022458790525586265,-0.014035335578527347,0.004628667487149891,-0.06297543998872968,-0.040912718849256104,-0.05433766233937652,-0.06325909217605519,-0.01789787859416071,0.023151862644674594,-0.028319888393354323,-0.01626442665960393,-0.01950599161827903,0.019716370853433734,1.0,-0.011939163914197169,0.15052065433216238,-0.08128594576184976,-0.082756261825284,-0.021530088752673263,0.023151862644674587,-0.13975401077905333,-0.09574179974709095,-0.05283440740255463,0.03382523338672444,0.20704262463423534,0.2807590451490148,-0.04873184059402013,-0.027537810618010708,0.020799397029382508,-0.015344198642265699,-0.012223575868509222,-0.14789667044388935,-0.044810205300868475,0.0009129761685573503,0.0034580234019402243,0.09353150164082978,-0.01458078830392696,0.07913068330964046,0.10090443439458932,-0.03007891685132728,0.06220402209127675,-0.012142988949265786,-0.04322344490106114,-0.278751896496337,0.28474617891322823,-0.01596677314182429,0.04444837898388301,-0.021507744366763563,-0.04291866135220386
Max Packet Length,0.2543554560782874,0.27054461726034984,0.14705287683169443,0.21067159482789494,0.1197244221567792,0.8093719166508437,0.022029587165205637,0.5535955188346379,0.7326022378825499,0.9395665112575518,-0.07723807677929899,0.804820424490595,0.910028429838974,0.4890084296462326,-0.16090536997462634,-0.17300175862841,0.0905711269829294,0.25366140368663925,-0.16355087950728883,0.09446313415391631,-0.16092481105632825,0.04009076154164598,0.07394686872723308,-0.15989559782015023,0.3804431488144511,0.07566975029943514,0.30987786990126415,0.38773045917443993,-0.05258126957345591,-0.06193902720949397,0.26942363239836764,0.15649422306160113,-0.1973538676462579,0.003624844107802066,-0.011939163914197169,1.0,0.8462947039106777,0.9755831339933547,0.9169644228177309,-0.07137380105240183,-0.06193902720949399,0.6986949829246001,-0.5049901458452944,-0.35281221068924196,0.16578802188418462,0.8389039338061453,0.5535955188346378,0.8048204244905947,0.27054461726034973,0.21067159482789494,0.14705287683169446,0.1197244221567792,0.6718822316805578,-0.06655985092221815,0.34691605739121567,0.03178248280647111,0.2039264388303971,0.054334138139660974,0.19304465458595224,0.19915180415558345,0.2997581212982522,0.09935666050894328,0.30070883989037983,0.2915731017818426,0.16580476434582828,-0.15702159303063792,-0.05482426946945218,0.22248045677153586,-0.16532228476363023,-0.1377215995213477
Packet Length Mean,0.1910271238657295,0.39909245042433644,0.27456826810676005,0.24191662988236692,0.25125683159955714,0.6981226710836453,0.1503249282826947,0.5151643947638306,0.5738374625113805,0.8169552822388746,0.02397251095339746,0.904899170625217,0.7155266752004998,0.5000061641783143,-0.08040926283510888,-0.15574521348865158,0.025377809344670016,0.17883261990923827,-0.13489075888572435,0.06830425737119593,-0.14207622006797302,0.0035301885860528604,0.03919240223923929,-0.1322130647904633,0.30839098858656805,0.03077282772361359,0.19265755829328218,0.3079572584847782,-0.03902457744671135,-0.004306533570490659,0.39029801756868643,0.284866561025332,-0.12508166342503488,0.0693722239519196,0.15052065433216238,0.8462947039106777,1.0,0.899396255636981,0.9233149713558453,-0.06299566796137107,-0.0043065335704906655,0.5025824977771215,-0.40266955416751926,-0.3005389407296156,0.28202572202619774,0.9955359168135365,0.5151643947638306,0.904899170625217,0.39909245042433644,0.2419166298823669,0.27456826810676005,0.25125683159955714,0.4801871177240279,-0.0654142503226736,0.37748758861660914,0.03972919384861905,0.20791855853693475,0.04674984431347699,0.19413797695782414,0.20548688249682984,0.20428871988710945,0.09975768463369271,0.21114597323618647,0.19337287713772566,0.06897122051112296,-0.06045341484536122,-0.04814229850820989,0.18173253366730913,-0.13270424823528398,-0.11562445828853889
Packet Length Std,0.22663202162372956,0.2894941770149776,0.15730710172508466,0.22387231079318412,0.13102849277324433,0.7930824823641949,-0.005951496097185798,0.541398906775965,0.7222112234768681,0.9277675185734385,-0.050336239241555,0.8648924803191133,0.8895623081126549,0.5028502116350239,-0.13626625641773338,-0.17726316362388364,0.07052017171842405,0.2280977010518242,-0.1630734935259806,0.0733153917760709,-0.1639499512674551,0.02715444712121916,0.0556282038315822,-0.15927867996923267,0.35904350100378857,0.06445362154610552,0.2790374460745009,0.367069308663243,-0.048765258590464454,-0.05411906945745859,0.2881956241220356,0.1681813211982999,-0.17587798985964914,0.02585839531363907,-0.08128594576184976,0.9755831339933547,0.899396255636981,1.0,0.9733313461369371,-0.0690885972147378,-0.054119069457458605,0.6599683062438568,-0.4841435344466658,-0.3458908522577417,0.20192141784095927,0.8890438615318513,0.541398906775965,0.8648924803191133,0.2894941770149776,0.22387231079318412,0.15730710172508466,0.13102849277324435,0.6341076485449674,-0.065445888830937,0.34951348247901165,0.032219779818218316,0.18117917518487955,0.04477796408444109,0.16993753920926993,0.17810818377588145,0.2658877693576154,0.08712219782147099,0.2659433465909847,0.2590431374520874,0.1476120084400992,-0.13892271531996817,-0.05333958106700344,0.2109559476218704,-0.15763239276317798,-0.12941931571691787
Packet Length Variance,0.20786917945894792,0.30504780523188124,0.16554990273316178,0.22796808115506606,0.14104844703023656,0.7307775839530786,0.0051246011037478735,0.49335310759482204,0.6444665437255513,0.8872306961905678,-0.09412586692651212,0.8915250321208782,0.8425503365383167,0.43753521106152815,-0.11952347093930564,-0.14977123774579207,0.054438638025973776,0.21043627966032027,-0.13423526533869132,0.06699487549577234,-0.13780873989037057,0.018790896273865768,0.05193564822835625,-0.13105900724806088,0.323169462094249,0.039910947403889965,0.22572000917292281,0.3319978940729012,-0.042327767341401,-0.06788518750166722,0.3030904318567995,0.17737485520962595,-0.15723017171672365,0.023092873667808784,-0.082756261825284,0.9169644228177309,0.9233149713558453,0.9733313461369371,1.0,-0.056783969399491485,-0.06788518750166721,0.5919542137356398,-0.40444263528350294,-0.2861056965476145,0.20670774947779064,0.9068409568544205,0.49335310759482204,0.8915250321208781,0.30504780523188124,0.22796808115506606,0.16554990273316184,0.14104844703023656,0.5711974936745366,-0.05097333427631019,0.3421921416270626,0.018793389248680983,0.17384609176040994,0.039594295767575234,0.16185350987531108,0.17180764448706204,0.23041052285112548,0.0771985930389478,0.23077010007265858,0.22429593146787793,0.16954085648335937,-0.16296585919906267,-0.0435268281103936,0.18089471234360857,-0.13660600650080418,-0.10905680922453671
FIN Flag Count,-0.05261329594046844,-0.014436212535188411,-0.009109107573199847,-0.014260342474914851,-0.00707028260043452,-0.06238605829029004,-0.020941833350645502,-0.05088338754404293,-0.0559566005675744,-0.0642953327967303,-0.030501140234158737,-0.05668492569560391,-0.05920819800231175,-0.0957844604835164,0.17468611642713747,-0.0389353720632196,-0.04149926612904764,-0.05422428749070176,-0.024663844120702442,-0.042599883589999867,-0.038025531332030925,-0.0336243433679952,-0.044693937322374803,-0.025162894237277886,-0.034449754614592674,-0.02256227399951092,-0.02993417051524869,-0.03491839033595979,-0.010033465829863867,-0.03165603871181541,-0.017155542369481386,-0.0099104064776521,0.19034798329001287,-0.047874250596897684,-0.021530088752673263,-0.07137380105240183,-0.06299566796137107,-0.0690885972147378,-0.056783969399491485,1.0,-0.031656038711815424,-0.07360616880771365,-0.08865285013393787,-0.055535010325245646,-0.07865054654889872,-0.06682789164434483,-0.05088338754404291,-0.0566849256956039,-0.014436212535188413,-0.014260342474914851,-0.009109107573199847,-0.00707028260043452,-0.07905772155958493,-0.019299079538208197,-0.025722484498256086,-0.12480024258834257,-0.01940745684902652,-0.008828027921754038,-0.01959020354411694,-0.0179359473111264,-0.03133793618254945,-0.013198897314067126,-0.03202116328802847,-0.029963364143235194,0.05627330074560796,-0.055250111255232055,-0.008409440220285861,0.02388464065993347,-0.01811277018403911,-0.014298043601950432
SYN Flag Count,0.05239506599436407,-0.017224310381287865,-0.013181843669283613,-0.005362774148892029,-0.014626937836254338,0.011021471911037573,0.09606358200443603,0.09662814904736937,0.032867118962274705,-0.112828817576882,0.03931533704399786,-0.08891380981318946,-0.11455216521244045,0.3439599669957818,0.34700483986260827,-0.04189329685432932,-0.00203148974872355,0.0030126407335043857,-0.03728256417136037,0.10459490603450532,-0.008982089766136266,0.03925171315390793,0.0569147821156865,-0.021763636437133894,0.11519401813207356,0.07660227201485507,0.07210525425505337,0.0626447854029586,0.030941387188710645,1.0,-0.014251354434295479,-0.012961088844136569,0.35834941592141667,0.25781610298505525,0.023151862644674587,-0.06193902720949399,-0.0043065335704906655,-0.054119069457458605,-0.06788518750166721,-0.031656038711815424,1.0,-0.20548258886317666,0.3302216697118885,-0.0979295445178426,0.007806036001883051,0.014052469270415147,0.09662814904736942,-0.08891380981318946,-0.017224310381287865,-0.0053627741488920305,-0.013181843669283608,-0.014626937836254345,-0.2085857020372766,-0.03805200036381461,0.00741127658293243,0.10097376624452342,0.02314621361827994,0.10470024146427531,0.052497818406076154,-0.005825509607845931,0.04826786730962038,0.12435743672251208,0.07078392281146428,0.028728715478997066,0.15709530476026826,-0.1542389188243397,-0.02347620553201921,-0.1376157964425795,0.11818149106486647,0.06390167951988003
PSH Flag Count,0.2583305564669889,0.1953980344068707,0.10567876549541799,0.0996107963765423,0.08602528836224557,0.5042332870601137,-0.13593558472701966,0.22401830164523412,0.4714568677188188,0.6641863197560196,-0.2551511239835654,0.551917081623947,0.6867406302588183,0.23032287948564684,-0.2795064058939898,-0.09333175467982201,0.23450377277729068,0.28942265758359387,-0.16583241305659308,0.07513195010013952,-0.0866951433869362,0.14575591609778613,0.09074123658825377,-0.15954972988063787,0.2920768205166153,0.16928972144491342,0.25739129027436963,0.32402942362366827,0.07776927073393265,-0.20548258886317666,0.19559416447500427,0.111427850775029,-0.29667987500245313,-0.12433489789653106,-0.13975401077905333,0.6986949829246001,0.5025824977771215,0.6599683062438568,0.5919542137356398,-0.07360616880771365,-0.20548258886317666,1.0,-0.6218931494514676,-0.36048343881747524,0.011398672987406691,0.48090894228753545,0.22401830164523406,0.551917081623947,0.19539803440687073,0.09961079637654231,0.10567876549541798,0.08602528836224557,0.9696859079818152,0.19487348502945698,0.17379858269418386,-0.011726812277710948,0.1700480266021463,0.01234636262836971,0.15168550955425283,0.17472419308211137,0.1962612744276698,0.03315834760103001,0.18936357533017079,0.19657679443912918,0.36527575753714775,-0.35863412978030834,-0.05458653759825672,0.22191463988732615,-0.15225721318863528,-0.15427715091481664
ACK Flag Count,-0.08114402147813832,-0.12254460904234617,-0.06862848060978814,-0.08138846455935335,-0.055159847052543044,-0.3698856191957787,-0.012767211713827756,-0.21866403444691995,-0.32418622067434033,-0.5077305357430885,-0.24463634126959588,-0.4496852968023142,-0.4638006264065933,-0.48266832463716536,0.18962620448461348,0.2149718878717373,-0.07917118417638642,-0.08044841717516824,0.2402156321329022,0.04019739730821563,0.2106351459813004,-0.030739770645895382,0.05913625704935314,0.24191499821450013,-0.13721331856623661,-0.06945477641228626,-0.12333245395627508,-0.16676874642204723,-0.03405960995461831,0.3302216697118885,-0.12145380932562183,-0.07254878869420114,0.23156114293576532,-0.01867156103763103,-0.09574179974709095,-0.5049901458452944,-0.40266955416751926,-0.4841435344466658,-0.40444263528350294,-0.08865285013393787,0.3302216697118885,-0.6218931494514676,1.0,0.5793164458768685,-0.20337649658339826,-0.41564108753436796,-0.21866403444691998,-0.44968529680231434,-0.12254460904234617,-0.08138846455935338,-0.06862848060978813,-0.055159847052543044,-0.5696176880680454,-0.08194254500595839,-0.15661605631482636,-0.028670373673531205,-0.09625155882223797,0.012516458763520881,-0.07990627144839782,-0.10456577852971208,-0.09462352538984153,0.0004099266107691947,-0.0874212186607617,-0.09732930765404706,0.4757268197975342,-0.4670769152094358,-0.07109226221435244,-0.34205752195359734,0.22899312627807447,0.24541577229006029
URG Flag Count,-0.13172802420131194,-0.09038326134407466,-0.04509118187708141,-0.06870447207647534,-0.03517842408682623,-0.2942923757642832,-0.04777681133242604,-0.22172040334656307,-0.2714673665320747,-0.3261266909228136,-0.19123908666589018,-0.29476891735980154,-0.29427674573224144,-0.4813430290059414,-0.038390600759976155,0.07012033314753842,-0.08699371175706846,-0.11494940158098077,0.0977495133185213,-0.08182306543749308,0.05533602943986335,-0.08013825539315243,-0.058636211033878026,0.09565045472656944,-0.14878057956796933,-0.06012003443006995,-0.10539382654623035,-0.14468814124580795,-0.026613068472179396,-0.0979295445178426,-0.0902496638560092,-0.04830051276870214,-0.03550277559718752,0.030190716556919295,-0.05283440740255463,-0.35281221068924196,-0.3005389407296156,-0.3458908522577417,-0.2861056965476145,-0.055535010325245646,-0.0979295445178426,-0.36048343881747524,0.5793164458768685,1.0,0.014305254198547048,-0.31293481712521526,-0.2217204033465631,-0.2947689173598015,-0.09038326134407466,-0.06870447207647534,-0.045091181877081415,-0.03517842408682623,-0.33577416429756934,-0.0038809175085197305,-0.12295045026504293,-0.012764704302686341,-0.0931640895275317,-0.042984129210397334,-0.0941903607923264,-0.08593348614545787,-0.10249118515524326,-0.06443104663479028,-0.1084380308117556,-0.09451253763013705,0.27559637045341195,-0.2705853384702667,-0.041184916675364766,-0.3315703662214499,0.21691084910062122,0.24465885567044732
Down/Up Ratio,-0.09630550653031422,0.15819750189327808,0.20993286351920026,-0.009399674641870543,0.20389085344111718,0.10700099449809021,0.13697090418764524,0.06229426915471444,0.050982278632765526,0.17055401362635697,0.17887357075343183,0.27734582013091097,0.10015747131955649,0.3285642206449838,0.13864718712803326,-0.24647006147532655,-0.08244015983285383,-0.09310456307597655,-0.21365768258921874,-0.2248167058223783,-0.2918627263896576,-0.1987203953249105,-0.24776248478430218,-0.21018162374651492,0.11602371506640584,0.10712346798236862,0.11785149280483902,0.13525367390780973,0.04603824185798389,0.007806036001883051,0.1475174022152539,0.2071033808681792,0.0538117048117415,0.45594232506094245,0.03382523338672444,0.16578802188418462,0.28202572202619774,0.20192141784095927,0.20670774947779064,-0.07865054654889872,0.007806036001883051,0.011398672987406691,-0.20337649658339826,0.014305254198547048,1.0,0.28743812912161365,0.06229426915471443,0.277345820130911,0.15819750189327808,-0.00939967464187055,0.20993286351920026,0.20389085344111715,-0.017758730339842217,-0.05865935044266558,0.019744834176493895,0.09714186126864882,-0.0021405927966184177,-0.027161341690573937,-0.01102373258121603,0.005218493307877883,0.002466667833627595,-0.0026098667537683383,0.0007535657399630488,0.003563656368188718,-0.25119948065666853,0.26800807190660686,-0.07380421198310046,-0.1345758352493441,0.08304906633694178,0.10597155836406486
Average Packet Size,0.17459603981794206,0.3789431699316792,0.2610481010594021,0.23432901821166294,0.2388112105004126,0.6985096939285703,0.2007105740743534,0.5426409402542274,0.5766257183613109,0.8000219047494944,0.07007715122605937,0.8867653464461008,0.6996608452451218,0.5280426543315222,-0.0724114756069396,-0.16207922084131485,0.015923289074630285,0.16242110391983652,-0.1383773913443031,0.05687400272301391,-0.14857860053712243,-0.0038009301710095894,0.02801161866704452,-0.13619432965405298,0.2934033757870161,0.027811417232975633,0.18544659665593632,0.2937352193726952,-0.04024182809511191,0.014052469270415147,0.37066323402038986,0.27086940622089656,-0.11788458731814365,0.08078658786404727,0.20704262463423534,0.8389039338061453,0.9955359168135365,0.8890438615318513,0.9068409568544205,-0.06682789164434483,0.014052469270415147,0.48090894228753545,-0.41564108753436796,-0.31293481712521526,0.28743812912161365,1.0,0.5426409402542275,0.8867653464461008,0.3789431699316792,0.23432901821166294,0.2610481010594021,0.2388112105004126,0.45698741672331905,-0.07262470755450218,0.3606802014580624,0.04270661003812263,0.19897017176206014,0.041444341062219094,0.18483627111880427,0.19750582142721448,0.19365005104163407,0.09576404282425523,0.20049612563853178,0.18304926500148552,0.02788047931952031,-0.018359009119672896,-0.05112126642645165,0.18617006590370244,-0.1351643638925289,-0.11949095581802434
Avg Fwd Segment Size,0.11796982718596728,0.08124421448250863,0.011101120966421454,0.40283016612213746,-0.009994682966344986,0.7982601677212625,0.4310497421336052,1.0,0.7929419471127063,0.33913769828293977,0.004684461243084545,0.17008300363032422,0.3261984406117926,0.3491797964832151,-0.06435768858903991,-0.09864371519005762,0.032650829058120674,0.07988102641644985,-0.09758960816274902,0.1038175480090536,-0.07900558415190266,0.044753291732400974,0.06227051176115037,-0.09366277365801583,0.2038566464450891,0.07414101898623529,0.17541242106769622,0.1763411770041474,-0.017563508652939104,0.09662814904736942,0.08475120571017508,0.015480178323315108,-0.08415063857443571,0.03140189510580009,0.2807590451490148,0.5535955188346378,0.5151643947638306,0.541398906775965,0.49335310759482204,-0.05088338754404291,0.09662814904736942,0.22401830164523406,-0.21866403444691998,-0.2217204033465631,0.06229426915471443,0.5426409402542275,1.0,0.1700830036303243,0.0812442144825086,0.40283016612213746,0.01110112096642145,-0.009994682966344988,0.20721251280199615,-0.04893916196327599,0.346517636301007,-0.026466878588057994,0.14698662660928133,0.057083386725601246,0.14466073789385955,0.13929248111123435,0.1305927945950986,0.1283967165094411,0.14713351658597218,0.11198667082555426,-0.022045985324989033,0.029554834036509443,-0.03790544553142086,0.06571693967771737,-0.0348453399402467,-0.05938258208162042
Avg Bwd Segment Size,0.16964365038584228,0.37267842670025464,0.24808553406455058,0.10219048163511289,0.22916410978673954,0.4948180748559931,-0.06197644237240552,0.17008300363032425,0.367851375607166,0.8700454391292083,0.06153922761265045,1.0,0.7796764502215182,0.4611328899557419,-0.08934312242068469,-0.16424672935114132,0.016926859794089175,0.1760063705528052,-0.1359638989825327,0.02887199379351368,-0.15584663142460453,-0.015136506657752227,0.017018194027321416,-0.13484740850314436,0.2813725141706429,0.00894418858025358,0.17137326665291472,0.29400271620539775,-0.04456249189987271,-0.08891380981318946,0.36582169309737295,0.25916813520141446,-0.1342747805879757,0.06767678714532026,-0.04873184059402013,0.8048204244905947,0.904899170625217,0.8648924803191133,0.8915250321208781,-0.0566849256956039,-0.08891380981318946,0.551917081623947,-0.44968529680231434,-0.2947689173598015,0.277345820130911,0.8867653464461008,0.1700830036303243,1.0,0.37267842670025464,0.10219048163511289,0.24808553406455058,0.22916410978673948,0.5298482957417456,-0.06113810564753591,0.27631053228279784,0.07393731907112269,0.1683282266025686,0.03118602596440405,0.15467405657382208,0.16813041362162603,0.19856846126066824,0.05394850559535611,0.19665352216562645,0.19572071120360535,0.06981512381253277,-0.061949043285753964,-0.044793785003814125,0.2158393340538076,-0.16604073007421588,-0.1260520184748441
Subflow Fwd Packets,0.12391025219378171,1.0,0.9031197817862829,0.2391520781751809,0.8879985872994728,0.21573376270714847,-0.026928114725254856,0.0812442144825086,0.11665002161512797,0.27898579834374615,-0.054310375889691995,0.3726784267002547,0.17504482871127472,0.15707596643672894,-0.008454918115905865,-0.04428097260727959,0.009947378931802326,0.09268125327874473,-0.03898693280785199,0.08548196157162295,-0.03863660905435877,0.009613360304614139,0.04678757862515551,-0.0377619313280141,0.16537123765177192,-0.001631872368077315,0.05078490261679086,0.13423600988290374,-0.014424708204685457,-0.017224310381287865,0.9824927441574968,0.8969760719821691,-0.029210839745824314,0.04218504752656496,-0.027537810618010708,0.27054461726034973,0.39909245042433644,0.2894941770149776,0.30504780523188124,-0.014436212535188413,-0.017224310381287865,0.19539803440687073,-0.12254460904234617,-0.09038326134407466,0.15819750189327808,0.3789431699316792,0.0812442144825086,0.37267842670025464,1.0,0.23915207817518092,0.9031197817862829,0.8879985872994727,0.18983840674222754,-0.011452529797579946,0.41212590389669734,-0.0030539142007631062,0.1568347102333648,0.10856184579088946,0.1678512153304513,0.13576322374809394,0.09651173122920101,0.06607101302559733,0.10365736412518263,0.08817088013478044,0.07023416990361955,-0.07081397155817777,-0.0008238765166732199,0.05837150563727994,-0.04180608677143365,-0.03823134400670763
Subflow Fwd Bytes,0.0896370587814168,0.23915207817518092,0.08130977245035809,1.0,0.04378092436533323,0.29664951597432576,0.028361556007882337,0.40283016612213746,0.2592696953170808,0.16480933041461246,-0.03047610069425892,0.10219048163511289,0.12933626866769785,0.10773488475900406,-0.028946147900770186,-0.036448108810875464,0.006932085423513082,0.059124606078536715,-0.03166519424806518,0.08352552283368056,-0.030003189370008936,0.015191357864160253,0.04959201097861169,-0.03084416324789096,0.12939616573586654,0.010268301665884225,0.05430802371775019,0.09746204831026102,-0.0098544948321448,-0.0053627741488920305,0.24817675181957558,0.08930902449463252,-0.03549320687435272,-0.00016295419905094712,0.020799397029382508,0.21067159482789494,0.2419166298823669,0.22387231079318412,0.22796808115506606,-0.014260342474914851,-0.0053627741488920305,0.09961079637654231,-0.08138846455935338,-0.06870447207647534,-0.00939967464187055,0.23432901821166294,0.40283016612213746,0.10219048163511289,0.23915207817518092,1.0,0.08130977245035807,0.043780924365333235,0.09526102919274199,-0.011653139678259695,0.7496523793154741,0.01691966679238842,0.12077577343302583,0.08941727841400278,0.1305245619810901,0.10348789488588025,0.06832734851522428,0.07557873511372534,0.07855824453879086,0.057321129026016895,0.011326141125564411,-0.009412422635762389,-0.010588045437161318,0.03840365970212006,-0.027696252024199123,-0.02489734810125193
Subflow Bwd Packets,0.05060735548171031,0.9031197817862829,1.0,0.08130977245035807,0.9983579983339386,0.10098855074724879,-0.013787953749756507,0.011101120966421454,0.036596336163794034,0.15629615711863434,-0.024341380077800758,0.24808553406455056,0.07132229283975561,0.10813898910895232,0.020406933601715135,-0.030198637187377662,-0.009649775917255467,0.03380802597829036,-0.022670137395932016,0.02803599909940013,-0.02834241015057296,-0.010090613927557734,0.007099944446807667,-0.022048991523992995,0.07995066711196011,-0.0063355418567041626,0.01244218332761038,0.06178618274877208,-0.007207621169498655,-0.013181843669283608,0.8688721547802428,0.9731112141782238,0.0007580526648686575,0.05946744908627246,-0.015344198642265699,0.14705287683169446,0.27456826810676005,0.15730710172508466,0.16554990273316184,-0.009109107573199847,-0.013181843669283608,0.10567876549541798,-0.06862848060978813,-0.045091181877081415,0.20993286351920026,0.2610481010594021,0.01110112096642145,0.24808553406455058,0.9031197817862829,0.08130977245035807,1.0,0.9983579983339387,0.10241382587894557,-0.009392086047299894,0.21379995507382546,-0.009244719276408173,0.08329327901099401,0.04690441685079126,0.08566999919803404,0.07540435259113583,0.033755573759413064,0.02045396734449804,0.03562522260387331,0.03137645019969023,0.03482046278836749,-0.033774497812458025,-0.007353951044578579,0.03050076551601373,-0.02334383225785668,-0.017972846879012294
Subflow Bwd Bytes,0.0331850732597854,0.8879985872994727,0.9983579983339387,0.043780924365333235,1.0,0.07354934748660485,-0.012033270402786104,-0.009994682966344983,0.014431752105584368,0.13086251449466682,-0.018544947948190546,0.22916410978673946,0.048229787274601074,0.09573156519483296,0.02681024168170353,-0.024066561373703877,-0.014177335815371126,0.020265939343067724,-0.01648566677219066,0.01607113387462941,-0.022781890775315974,-0.012943495118087513,0.0001602766712367248,-0.016141799810550386,0.055229752393479305,-0.01061167897829735,-0.0008348681525430708,0.04130984162088342,-0.006582090947628932,-0.014626937836254345,0.8525762551140843,0.9689820568708464,0.00844904657043782,0.05930705835893281,-0.012223575868509222,0.1197244221567792,0.25125683159955714,0.13102849277324435,0.14104844703023656,-0.00707028260043452,-0.014626937836254345,0.08602528836224557,-0.055159847052543044,-0.03517842408682623,0.20389085344111715,0.2388112105004126,-0.009994682966344988,0.22916410978673948,0.8879985872994727,0.043780924365333235,0.9983579983339387,1.0,0.08361769952413943,-0.008977193715725931,0.170704408090819,-0.012105697330617185,0.06625324023869894,0.029959699002510717,0.06575747465911023,0.06215627472373425,0.018232645176294245,0.0081449402315091,0.01856413718220575,0.017487238224392392,0.029281553706225913,-0.028566383504957635,-0.0053277632978786914,0.026716087126655342,-0.02094090513894048,-0.015082636179596912
Init_Win_bytes_forward,0.25528883897310206,0.18983840674222754,0.10241382587894557,0.09526102919274199,0.08361769952413943,0.4827966124271332,-0.14357665868570535,0.20721251280199615,0.45284999157744954,0.6391161963930437,-0.27011005539571503,0.5298482957417457,0.6642262674256716,0.18923771200720288,-0.28315093071383374,-0.07198029617388423,0.22504143500952775,0.2876130381441956,-0.13897383624685386,0.07870614939832513,-0.06674692125873048,0.13993112352216447,0.09685953268707924,-0.13434354649257926,0.2829211152072475,0.16272004257633788,0.24843548289177314,0.3139018111568684,0.07481410989183762,-0.2085857020372766,0.1895370693298512,0.10795193726318952,-0.29606351836841366,-0.14973721516193575,-0.14789667044388935,0.6718822316805578,0.4801871177240279,0.6341076485449674,0.5711974936745366,-0.07905772155958493,-0.2085857020372766,0.9696859079818152,-0.5696176880680454,-0.33577416429756934,-0.017758730339842217,0.45698741672331905,0.20721251280199615,0.5298482957417456,0.18983840674222754,0.09526102919274199,0.10241382587894557,0.08361769952413943,1.0,0.20825918495502818,0.1647544497241733,-0.04606999840220176,0.164751888787673,0.010961431883672032,0.1466320288364549,0.16954547980932377,0.18870261644903413,0.03159207790776526,0.18197671048824263,0.1890943865158993,0.39285402112746337,-0.3857109514950938,-0.0587078128028258,0.23049373453066593,-0.15910516619290893,-0.15895552887070527
Init_Win_bytes_backward,0.08014859158033559,-0.011452529797579946,-0.009392086047299894,-0.011653139678259695,-0.008977193715725931,-0.050332472696563185,-0.03442495919158816,-0.048939161963276,-0.0425019158405863,-0.062254528460274315,-0.07687735839181871,-0.06113810564753591,-0.04975300947395452,-0.14638793028704328,-0.09646143249378245,0.0448617440691828,0.19111221412585114,0.098898366140925,-0.052430541607813345,0.09483008091675711,0.08960711137363651,0.23500420284774373,0.12241079385531915,-0.04930378157310967,-0.013218121435921302,0.02065636832677297,-0.019690748296024577,-0.011142190173013485,0.03692189001264158,-0.03805200036381461,-0.012359922685244587,-0.010344346457625709,-0.09298884311258923,-0.041191495498682895,-0.044810205300868475,-0.06655985092221815,-0.0654142503226736,-0.065445888830937,-0.05097333427631019,-0.019299079538208197,-0.03805200036381461,0.19487348502945698,-0.08194254500595839,-0.0038809175085197305,-0.05865935044266558,-0.07262470755450218,-0.04893916196327599,-0.06113810564753591,-0.011452529797579946,-0.011653139678259695,-0.009392086047299894,-0.008977193715725931,0.20825918495502818,1.0,-0.026849931065503443,-0.10595887371457526,-0.004190623482453107,-0.007463912156635807,-0.0057382391742265455,-0.0023642844365997567,-0.016269223874829486,-0.01575710943957978,-0.01823789311677839,-0.014056415206903454,0.11715179209988529,-0.11502167922455998,-0.017507076700849306,-0.04809797279499977,0.026783673732745567,0.041749851176103324
act_data_pkt_fwd,0.17177362542824537,0.41212590389669734,0.21379995507382546,0.7496523793154741,0.170704408090819,0.3987634549297941,0.00027009120532473256,0.34651763630100696,0.2950462538078232,0.32459336382393744,-0.06825058116272174,0.2763105322827979,0.2570364743951068,0.1822694023739015,-0.04805183923882305,-0.064683929430956,0.02177105466336386,0.11705853188642373,-0.057937098867234346,0.14934587090004842,-0.054120533746060996,0.027557802996086678,0.08583368469356402,-0.05525789342215741,0.23613924092732597,0.014508875943063318,0.10051997563901645,0.1794275348178233,-0.020319728809339778,0.00741127658293243,0.41336067828207756,0.22113587863216871,-0.06323923323017147,0.010192893414971937,0.0009129761685573503,0.34691605739121567,0.37748758861660914,0.34951348247901165,0.3421921416270626,-0.025722484498256086,0.00741127658293243,0.17379858269418386,-0.15661605631482636,-0.12295045026504293,0.019744834176493895,0.3606802014580624,0.346517636301007,0.27631053228279784,0.41212590389669734,0.7496523793154741,0.21379995507382546,0.170704408090819,0.1647544497241733,-0.026849931065503443,1.0,0.028316474237714186,0.22028776679316123,0.1984247204378951,0.2518797552403669,0.17673231853001484,0.14939282428274703,0.12623981842567691,0.16655367300346746,0.13199267205865722,0.0019783295212209943,0.0017065128467135253,-0.019301851952362274,0.05413800826288783,-0.03124344605417562,-0.04552690327292855
min_seg_size_forward,-0.1258443032497514,-0.0030539142007631062,-0.009244719276408173,0.01691966679238842,-0.012105697330617185,-0.002974830168687503,-0.017503234240298305,-0.026466878588057983,-0.024325560925084932,0.06223769811645612,0.12246878020020711,0.07393731907112272,0.042038082666322904,0.18394727998701527,0.13648728231917076,-0.17471410275963842,-0.08151117462731824,-0.09948718830520292,-0.13698842210894388,-0.09830913805462704,-0.15291734197229156,-0.038456680847968036,-0.06335537853729419,-0.13063914536791904,0.011079730188560078,-0.017365925219206844,0.002354369903467044,-0.00260777260793344,-0.024837376063402545,0.10097376624452342,0.03379637620394956,0.006815800391093255,0.12031726140886671,0.1869779402135749,0.0034580234019402243,0.03178248280647111,0.03972919384861905,0.032219779818218316,0.018793389248680983,-0.12480024258834257,0.10097376624452342,-0.011726812277710948,-0.028670373673531205,-0.012764704302686341,0.09714186126864882,0.04270661003812263,-0.026466878588057994,0.07393731907112269,-0.0030539142007631062,0.01691966679238842,-0.009244719276408173,-0.012105697330617185,-0.04606999840220176,-0.10595887371457526,0.028316474237714186,1.0,0.01404334187071312,0.008781365313008774,0.014232958579724717,0.011355367735000607,-0.012181165305331679,0.005828560022253416,-0.010867987308041366,-0.012354696063001878,-0.07846061081636092,0.14265077941450352,-0.33005905393975105,-0.08188807061756069,0.08885069159219276,0.013254104963220568
Active Mean,0.32591320329915086,0.1568347102333648,0.08329327901099401,0.12077577343302583,0.06625324023869894,0.1938389968438438,0.05582113411273853,0.14698662660928136,0.14070861719656905,0.20307600836680445,-0.060961589223079024,0.1683282266025686,0.176605872274611,0.017166828281893715,-0.14087511618701853,-0.009017554727273934,0.11377725747029784,0.2668798564345141,-0.04020391715468004,0.23229116565542032,-0.004842755648475272,0.08387960106983344,0.16028076869755836,-0.03679285993264569,0.3403231537145983,0.052360002806895935,0.17904065476820313,0.30742264373374706,-0.007673612976295523,0.02314621361827994,0.15443872013803178,0.09200947528049316,-0.13993554374243744,-0.10528932790782478,0.09353150164082978,0.2039264388303971,0.20791855853693475,0.18117917518487955,0.17384609176040994,-0.01940745684902652,0.02314621361827994,0.1700480266021463,-0.09625155882223797,-0.0931640895275317,-0.0021405927966184177,0.19897017176206014,0.14698662660928133,0.1683282266025686,0.1568347102333648,0.12077577343302583,0.08329327901099401,0.06625324023869894,0.164751888787673,-0.004190623482453107,0.22028776679316123,0.01404334187071312,1.0,0.2682023373791411,0.9590617415789241,0.970864861995795,0.3518138538764192,0.19438583942513113,0.3693074006448429,0.32870560184780256,0.07194038261750668,-0.07317127016729369,0.0024741127794730496,0.03936672337955244,-0.021176117266057042,-0.03516771350947734
Active Std,0.2675149961146687,0.10856184579088946,0.04690441685079126,0.08941727841400278,0.029959699002510717,0.08076007357907802,-0.01471182373733489,0.05708338672560125,0.06687423306297884,0.0466565225811662,-0.025202987923666324,0.03118602596440405,0.03704912654344029,-0.0049974685485143526,-0.06803212054945476,-0.007849621449130467,0.053543557630126574,0.13557143320898987,-0.020114212649358445,0.30025011312739874,0.005513386181895234,0.07852554151676155,0.16230028747082625,-0.019614304582648966,0.3148878263835284,0.04671634140036735,0.10752812324607226,0.1755493346880761,-0.002371588886688969,0.10470024146427531,0.10766057161426673,0.0478760210008169,-0.06643997704510957,-0.05224428996280526,-0.01458078830392696,0.054334138139660974,0.04674984431347699,0.04477796408444109,0.039594295767575234,-0.008828027921754038,0.10470024146427531,0.01234636262836971,0.012516458763520881,-0.042984129210397334,-0.027161341690573937,0.041444341062219094,0.057083386725601246,0.03118602596440405,0.10856184579088946,0.08941727841400278,0.04690441685079126,0.029959699002510717,0.010961431883672032,-0.007463912156635807,0.1984247204378951,0.008781365313008774,0.2682023373791411,1.0,0.5131856557067421,0.03493499318545882,0.12123515242037848,0.3936453269006847,0.18870421872583484,0.059649214386608536,0.02688871649690511,-0.03271774499021056,0.028890567006951275,-0.03500942608861096,0.05043607404188303,-0.0109790144055876
Active Max,0.3647146060332198,0.1678512153304513,0.08566999919803404,0.1305245619810901,0.06575747465911023,0.19157998380524868,0.04561660503042439,0.14466073789385953,0.14103049565794717,0.18965751989342117,-0.06037896144313626,0.15467405657382205,0.16360466396342535,0.012857915577567689,-0.14350017461831766,-0.009993363908897917,0.11474310260632133,0.27111935346750543,-0.0410669938719329,0.2924979150753256,-0.0026570349542583242,0.09502162612886264,0.18459753637115509,-0.03790842902595487,0.39006964612307393,0.05902951643644168,0.1863719551890339,0.31717064608276707,-0.007575649126757623,0.052497818406076154,0.16539309110499464,0.09361222296293453,-0.1421381426945521,-0.107722964490324,0.07913068330964046,0.19304465458595224,0.19413797695782414,0.16993753920926993,0.16185350987531108,-0.01959020354411694,0.052497818406076154,0.15168550955425283,-0.07990627144839782,-0.0941903607923264,-0.01102373258121603,0.18483627111880427,0.14466073789385955,0.15467405657382208,0.1678512153304513,0.1305245619810901,0.08566999919803404,0.06575747465911023,0.1466320288364549,-0.0057382391742265455,0.2518797552403669,0.014232958579724717,0.9590617415789241,0.5131856557067421,1.0,0.86977449518704,0.34223332362242154,0.2705936410944277,0.3759047082373663,0.3058564264009613,0.07077929408021012,-0.07346788462003848,0.010130531181055924,0.024263062811705264,-0.003920607532229423,-0.03388312692628177
Active Min,0.2699389705392206,0.13576322374809394,0.07540435259113583,0.10348789488588025,0.06215627472373425,0.18194469380991654,0.06174236016926652,0.13929248111123435,0.1304032217118793,0.20026945086366119,-0.05676933619035206,0.16813041362162606,0.17514569480784276,0.019367521460202493,-0.12917868488005832,-0.007118786539126835,0.1051345579463016,0.24319607591632308,-0.036690381736511186,0.16379642774662556,-0.0061025730076411395,0.06766765370592899,0.12536386455252985,-0.03327083554349916,0.2719755959933402,0.04313869868281795,0.15907327974593857,0.2749261523591873,-0.007199342134066024,-0.005825509607845931,0.1332544234588424,0.08403117158440489,-0.1286079193149241,-0.09616169611911211,0.10090443439458932,0.19915180415558345,0.20548688249682984,0.17810818377588145,0.17180764448706204,-0.0179359473111264,-0.005825509607845931,0.17472419308211137,-0.10456577852971208,-0.08593348614545787,0.005218493307877883,0.19750582142721448,0.13929248111123435,0.16813041362162603,0.13576322374809394,0.10348789488588025,0.07540435259113583,0.06215627472373425,0.16954547980932377,-0.0023642844365997567,0.17673231853001484,0.011355367735000607,0.970864861995795,0.03493499318545882,0.86977449518704,1.0,0.33526995488669115,0.10392643501676821,0.3362179822883161,0.3265359105295929,0.0675867055215569,-0.0674813126339092,-0.004248015598247983,0.05062598609416342,-0.03571217653252758,-0.03388898031940967
Idle Mean,0.7337577723157239,0.09651173122920101,0.033755573759413064,0.06832734851522428,0.018232645176294245,0.2580817788308277,-0.03439419425063794,0.13059279459509862,0.21113331370120042,0.29050714343449496,-0.07974743255043555,0.19856846126066824,0.289226272733556,-0.04061227167845505,-0.26584122176415753,0.15707022012642954,0.5564480724318223,0.7448562564971414,-0.027242966547452112,0.5452643881216692,0.1890191836464637,0.4599575606209414,0.5460468316906377,0.012394658648879078,0.6759443937782701,0.32983186573326423,0.5984365276714492,0.7090130642448508,0.0772367097079156,0.04826786730962038,0.09370773283620541,0.038525495600792714,-0.2527112375859311,-0.2046362789535022,-0.03007891685132728,0.2997581212982522,0.20428871988710945,0.2658877693576154,0.23041052285112548,-0.03133793618254945,0.04826786730962038,0.1962612744276698,-0.09462352538984153,-0.10249118515524326,0.002466667833627595,0.19365005104163407,0.1305927945950986,0.19856846126066824,0.09651173122920101,0.06832734851522428,0.033755573759413064,0.018232645176294245,0.18870261644903413,-0.016269223874829486,0.14939282428274703,-0.012181165305331679,0.3518138538764192,0.12123515242037848,0.34223332362242154,0.33526995488669115,1.0,0.23147965704255846,0.9861140941957973,0.9876345582700696,0.10066554508067199,-0.13475262443614072,0.17204304084531039,0.045380538972675424,-0.0194348304114363,-0.04719327689367577
Idle Std,0.396359938053894,0.06607101302559733,0.02045396734449804,0.07557873511372534,0.0081449402315091,0.1444745562953546,0.03646737095383734,0.1283967165094411,0.1266252227093283,0.07572277813124403,-0.0405821551736643,0.053948505595356126,0.07278987097982785,-0.019399514560872886,-0.11238642735959387,0.030299247370725597,0.1670374930476244,0.28679423434828627,-0.022417028274907644,0.40472974547758817,0.05147608811173541,0.19383658587992744,0.30027739508480755,-0.021788004937377762,0.4180962695442985,0.1162398933970645,0.25453577593188204,0.32814381050050584,-0.0033266960809366685,0.12435743672251208,0.06768662086697702,0.024463191606517956,-0.10670696308118559,-0.0870523580677366,0.06220402209127675,0.09935666050894328,0.09975768463369271,0.08712219782147099,0.0771985930389478,-0.013198897314067126,0.12435743672251208,0.03315834760103001,0.0004099266107691947,-0.06443104663479028,-0.0026098667537683383,0.09576404282425523,0.1283967165094411,0.05394850559535611,0.06607101302559733,0.07557873511372534,0.02045396734449804,0.0081449402315091,0.03159207790776526,-0.01575710943957978,0.12623981842567691,0.005828560022253416,0.19438583942513113,0.3936453269006847,0.2705936410944277,0.10392643501676821,0.23147965704255846,1.0,0.3840205352305063,0.07837418709605545,0.03481279970428261,-0.05936690570104766,0.1259919117229331,-0.01748538405083339,0.038574043165042156,-0.023377603385448347
Idle Max,0.7666969210545296,0.10365736412518263,0.03562522260387331,0.07855824453879086,0.01856413718220575,0.2691494695581139,-0.02240440074978177,0.14713351658597218,0.22094722483337434,0.28742872692513055,-0.08279867799850449,0.19665352216562648,0.2857637536044452,-0.04204423757034757,-0.2716986712382458,0.15397476028384924,0.5552065728086214,0.7545981232253985,-0.029733487412485726,0.5920152635061707,0.18804123009646895,0.4692633855183294,0.5704634760276542,0.007951622054370234,0.714831183913152,0.3312879762391146,0.6087458064331458,0.7270693867738792,0.07241825678274794,0.07078392281146428,0.10131555411745923,0.04086285418608169,-0.25825052143310484,-0.20926854017863478,-0.012142988949265786,0.30070883989037983,0.21114597323618647,0.2659433465909847,0.23077010007265858,-0.03202116328802847,0.07078392281146428,0.18936357533017079,-0.0874212186607617,-0.1084380308117556,0.0007535657399630488,0.20049612563853178,0.14713351658597218,0.19665352216562645,0.10365736412518263,0.07855824453879086,0.03562522260387331,0.01856413718220575,0.18197671048824263,-0.01823789311677839,0.16655367300346746,-0.010867987308041366,0.3693074006448429,0.18870421872583484,0.3759047082373663,0.3362179822883161,0.9861140941957973,0.3840205352305063,1.0,0.9491501044191546,0.1013579945238363,-0.13801238628560955,0.18537773899643034,0.039126017368703934,-0.010765231080385023,-0.04869888116787667
Idle Min,0.6857704885382768,0.08817088013478044,0.03137645019969023,0.057321129026016895,0.017487238224392392,0.2410359539597315,-0.04276364681791485,0.11198667082555429,0.1959274153846459,0.286314382942488,-0.07509754924217338,0.19572071120360537,0.28548349426982883,-0.03812877097801822,-0.2540436071849937,0.15561487519375516,0.5430351263059193,0.7175646433206592,-0.024318746437884165,0.49009802693502547,0.18480917192388102,0.4394906899885175,0.5108863452417128,0.016217432039061595,0.6244118027290009,0.31924724026828366,0.5727700257520312,0.6749450057248315,0.07980142120711706,0.028728715478997066,0.08510477204793565,0.03561854743881825,-0.2415512293125991,-0.19544915776017735,-0.04322344490106114,0.2915731017818426,0.19337287713772566,0.2590431374520874,0.22429593146787793,-0.029963364143235194,0.028728715478997066,0.19657679443912918,-0.09732930765404706,-0.09451253763013705,0.003563656368188718,0.18304926500148552,0.11198667082555426,0.19572071120360535,0.08817088013478044,0.057321129026016895,0.03137645019969023,0.017487238224392392,0.1890943865158993,-0.014056415206903454,0.13199267205865722,-0.012354696063001878,0.32870560184780256,0.059649214386608536,0.3058564264009613,0.3265359105295929,0.9876345582700696,0.07837418709605545,0.9491501044191546,1.0,0.09810169866423456,-0.12851364738200288,0.1530403702833974,0.049929739430281,-0.026871004117516584,-0.04458687300158339
proto_TCP,0.18197574951036055,0.07023416990361955,0.03482046278836749,0.011326141125564411,0.029281553706225913,0.11040194438266641,-0.17440536168852394,-0.022045985324989036,0.12986314331183388,0.12519130324604338,-0.590750550569311,0.06981512381253276,0.20483918081714275,-0.3435243289097987,-0.04371661673996549,0.14357676649952622,0.1600785487513057,0.2176217940037994,0.09536313239696233,0.1230467193446326,0.14607598863938842,0.1198186590624505,0.16299988041809818,0.10437669335207997,0.1571369063078044,0.10257292275353087,0.13566972651778914,0.15762070063864353,0.04461169033737021,0.15709530476026826,0.07108044401565433,0.03641255422511767,-0.008686356451695017,-0.17553174519206854,-0.278751896496337,0.16580476434582828,0.06897122051112296,0.1476120084400992,0.16954085648335937,0.05627330074560796,0.15709530476026826,0.36527575753714775,0.4757268197975342,0.27559637045341195,-0.25119948065666853,0.02788047931952031,-0.022045985324989033,0.06981512381253277,0.07023416990361955,0.011326141125564411,0.03482046278836749,0.029281553706225913,0.39285402112746337,0.11715179209988529,0.0019783295212209943,-0.07846061081636092,0.07194038261750668,0.02688871649690511,0.07077929408021012,0.0675867055215569,0.10066554508067199,0.03481279970428261,0.1013579945238363,0.09810169866423456,1.0,-0.9818174964535861,-0.14943925643000347,-0.15201312234209816,0.09716101414589576,0.11522212215541407
proto_UDP,-0.2363102227342938,-0.07081397155817777,-0.033774497812458025,-0.009412422635762389,-0.028566383504957635,-0.10266042695473836,0.1792194900040996,0.02955483403650945,-0.12323303066598218,-0.11698747838598283,0.6025542075458638,-0.061949043285753985,-0.1983902003213039,0.36276055750631386,0.058679396756954674,-0.17728749510921704,-0.19161127987851465,-0.24548601212948207,-0.11003423789056278,-0.18769617970517072,-0.17797523706591983,-0.151949114635571,-0.19910117688633336,-0.11857805731426782,-0.15378331746945179,-0.10035454237369784,-0.13280537287473906,-0.15426810057441487,-0.043588366225303925,-0.1542389188243397,-0.06844627727969121,-0.03527466737799575,0.021703879122915024,0.18954050959261662,0.28474617891322823,-0.15702159303063792,-0.06045341484536122,-0.13892271531996817,-0.16296585919906267,-0.055250111255232055,-0.1542389188243397,-0.35863412978030834,-0.4670769152094358,-0.2705853384702667,0.26800807190660686,-0.018359009119672896,0.029554834036509443,-0.061949043285753964,-0.07081397155817777,-0.009412422635762389,-0.033774497812458025,-0.028566383504957635,-0.3857109514950938,-0.11502167922455998,0.0017065128467135253,0.14265077941450352,-0.07317127016729369,-0.03271774499021056,-0.07346788462003848,-0.0674813126339092,-0.13475262443614072,-0.05936690570104766,-0.13801238628560955,-0.12851364738200288,-0.9818174964535861,1.0,-0.04097363474004874,0.14757226948662533,-0.09343783490583911,-0.11303898105264455
proto_outro,0.2730573645837505,-0.0008238765166732199,-0.007353951044578579,-0.010588045437161318,-0.0053277632978786914,-0.04636629379013662,-0.015530521314833646,-0.03790544553142086,-0.04164233630177086,-0.049583784225088495,-0.029150792101186433,-0.044793785003814125,-0.044802323529368165,-0.08139629593947154,-0.07554538098235951,0.1677341607238637,0.15548627620173502,0.13322839165248307,0.071199475725726,0.33001119457472494,0.15816175397141766,0.160803137479215,0.17912309694282902,0.06825937422004082,-0.02606830887150309,-0.017168936729590186,-0.022345077653954316,-0.02608963679964669,-0.00777189708514844,-0.02347620553201921,-0.017611086069374417,-0.007919888713455083,-0.06733015960148628,-0.0633618202565118,-0.01596677314182429,-0.05482426946945218,-0.04814229850820989,-0.05333958106700344,-0.0435268281103936,-0.008409440220285861,-0.02347620553201921,-0.05458653759825672,-0.07109226221435244,-0.041184916675364766,-0.07380421198310046,-0.05112126642645165,-0.03790544553142086,-0.044793785003814125,-0.0008238765166732199,-0.010588045437161318,-0.007353951044578579,-0.0053277632978786914,-0.0587078128028258,-0.017507076700849306,-0.019301851952362274,-0.33005905393975105,0.0024741127794730496,0.028890567006951275,0.010130531181055924,-0.004248015598247983,0.17204304084531039,0.1259919117229331,0.18537773899643034,0.1530403702833974,-0.14943925643000347,-0.04097363474004874,1.0,0.031451214285534906,-0.02471092509864041,-0.017677678138161786
porta_conhecida,0.10122776298029572,0.05837150563727994,0.03050076551601373,0.03840365970212006,0.026716087126655342,0.1603464845716832,-0.05005064434537867,0.06571693967771736,0.1475842724727565,0.23649208849522124,0.13680343649205784,0.21583933405380748,0.21245082034155466,0.16664004515227834,-0.30094373728462015,0.10530248386277873,0.06756691936180023,0.12326230890604341,0.0894433909926054,0.07471476009805837,0.10551996963010016,0.07456707924696737,0.10152034375517012,0.07774144449571944,0.026273145574871565,-0.02719772769017368,-0.0014149855300386192,0.04145761599899826,-0.0026056581784501126,-0.1376157964425795,0.056486798032011794,0.03215450348848555,-0.3014133869855154,-0.15255609889420982,0.04444837898388301,0.22248045677153586,0.18173253366730913,0.2109559476218704,0.18089471234360857,0.02388464065993347,-0.1376157964425795,0.22191463988732615,-0.34205752195359734,-0.3315703662214499,-0.1345758352493441,0.18617006590370244,0.06571693967771737,0.2158393340538076,0.05837150563727994,0.03840365970212006,0.03050076551601373,0.026716087126655342,0.23049373453066593,-0.04809797279499977,0.05413800826288783,-0.08188807061756069,0.03936672337955244,-0.03500942608861096,0.024263062811705264,0.05062598609416342,0.045380538972675424,-0.01748538405083339,0.039126017368703934,0.049929739430281,-0.15201312234209816,0.14757226948662533,0.031451214285534906,1.0,-0.7856906532860326,-0.5620666336654772
porta_registada,-0.054074492724699254,-0.04180608677143365,-0.02334383225785668,-0.027696252024199123,-0.02094090513894048,-0.11366784224492196,0.05160174120882709,-0.03484533994024669,-0.1040354880809657,-0.18130126216253586,-0.1040209376738523,-0.16604073007421583,-0.16238225778575557,-0.12235274773713706,0.19546786764198407,-0.07742787407562518,-0.04068094479559828,-0.07922463205324812,-0.06842377242523803,-0.027704948615073655,-0.07201636775066052,-0.03865305668138555,-0.05638364570331258,-0.058720889599508726,0.0047855074829081315,0.034204599991870595,0.021058022823675606,-0.01430264217152376,0.0031531640071350334,0.11818149106486647,-0.03965758737012034,-0.02446458203873547,0.19796691117245763,0.08811379667874253,-0.021507744366763563,-0.16532228476363023,-0.13270424823528398,-0.15763239276317798,-0.13660600650080418,-0.01811277018403911,0.11818149106486647,-0.15225721318863528,0.22899312627807447,0.21691084910062122,0.08304906633694178,-0.1351643638925289,-0.0348453399402467,-0.16604073007421588,-0.04180608677143365,-0.027696252024199123,-0.02334383225785668,-0.02094090513894048,-0.15910516619290893,0.026783673732745567,-0.03124344605417562,0.08885069159219276,-0.021176117266057042,0.05043607404188303,-0.003920607532229423,-0.03571217653252758,-0.0194348304114363,0.038574043165042156,-0.010765231080385023,-0.026871004117516584,0.09716101414589576,-0.09343783490583911,-0.02471092509864041,-0.7856906532860326,1.0,-0.07004478462613384
porta_efemera,-0.09093561739698196,-0.03823134400670763,-0.017972846879012294,-0.02489734810125193,-0.015082636179596912,-0.10659037082049817,0.01171693803999083,-0.05938258208162044,-0.09888931573351598,-0.1389519734136624,-0.08152432721384044,-0.1260520184748441,-0.12547929491281545,-0.10512725386586204,0.22394161998019513,-0.0662828561620396,-0.05456355272339507,-0.09284138934453078,-0.05274801078369766,-0.08343852995128992,-0.0738687215318211,-0.06856281253640505,-0.08832008481204884,-0.04685096438744078,-0.04876449103797936,-0.0018742107591541257,-0.025872784139880402,-0.04772915374616435,-1.4060810348813192e-05,0.06390167951988003,-0.03806472802588523,-0.019141114140808192,0.22135773377475265,0.12819378327637385,-0.04291866135220386,-0.1377215995213477,-0.11562445828853889,-0.12941931571691787,-0.10905680922453671,-0.014298043601950432,0.06390167951988003,-0.15427715091481664,0.24541577229006029,0.24465885567044732,0.10597155836406486,-0.11949095581802434,-0.05938258208162042,-0.1260520184748441,-0.03823134400670763,-0.02489734810125193,-0.017972846879012294,-0.015082636179596912,-0.15895552887070527,0.041749851176103324,-0.04552690327292855,0.013254104963220568,-0.03516771350947734,-0.0109790144055876,-0.03388312692628177,-0.03388898031940967,-0.04719327689367577,-0.023377603385448347,-0.04869888116787667,-0.04458687300158339,0.11522212215541407,-0.11303898105264455,-0.017677678138161786,-0.5620666336654772,-0.07004478462613384,1.0
